[     150ms] [ERROR] Failed to load resource: the server responded with a status of 500 (Internal Server Error) @ http://localhost:3000/personal:0
[     364ms] [INFO] %cDownload the React DevTools for a better development experience: https://react.dev/link/react-devtools font-weight:bold @ http://localhost:3000/_next/static/chunks/node_modules_react-dom_0kla17-._.js:15305
[     503ms] Error: ./src/components/personal/now-strip.tsx:44:1
Expression expected
  42 |   );
  43 | }
> 44 | </content>
     | ^
  45 | </invoke>

Parsing ecmascript source code failed

Import trace:
  Server Component:
    ./src/components/personal/now-strip.tsx
    ./src/app/personal/page.tsx


    at <unknown> (Error: ./src/components/personal/now-strip.tsx:44:1)
    at Object.getCompilationErrors (file://C:\Users\liamn\Documents\GitHub\updated_personal_portfolio\node_modules\next\dist\server\dev\hot-reloader-turbopack.js:1186:59)
    at DevBundlerService.getCompilationError (file://C:\Users\liamn\Documents\GitHub\updated_personal_portfolio\node_modules\next\dist\server\lib\dev-bundler-service.js:44:55)
    at DevServer.getCompilationError (file://C:\Users\liamn\Documents\GitHub\updated_personal_portfolio\node_modules\next\dist\server\dev\next-dev-server.js:720:42)
    at DevServer.findPageComponents (file://C:\Users\liamn\Documents\GitHub\updated_personal_portfolio\node_modules\next\dist\server\dev\next-dev-server.js:690:43)
    at async DevServer.renderErrorToResponseImpl (file://C:\Users\liamn\Documents\GitHub\updated_personal_portfolio\node_modules\next\dist\server\base-server.js:1753:26)
[     497ms] [LOG] [HMR] connected @ http://localhost:3000/_next/static/chunks/node_modules_next_dist_1gdrd03._.js:1226
[     507ms] [ERROR] ./src/components/personal/now-strip.tsx:44:1
Expression expected
  42 |   );
  43 | }
> 44 | </content>
     | ^
  45 | </invoke>

Parsing ecmascript source code failed

Import trace:
  Server Component:
    ./src/components/personal/now-strip.tsx
    ./src/app/personal/page.tsx @ http://localhost:3000/_next/static/chunks/node_modules_next_dist_1gdrd03._.js:1945
[     507ms] [ERROR] ./src/components/personal/now-strip.tsx:44:2
Unterminated regexp literal
  42 |   );
  43 | }
> 44 | </content>
     |  ^^^^^^^^^
  45 | </invoke>

Parsing ecmascript source code failed

Import trace:
  Server Component:
    ./src/components/personal/now-strip.tsx
    ./src/app/personal/page.tsx @ http://localhost:3000/_next/static/chunks/node_modules_next_dist_1gdrd03._.js:1945
[     591ms] [ERROR] ./src/components/personal/now-strip.tsx:44:1
Expression expected
  42 |   );
  43 | }
> 44 | </content>
     | ^
  45 | </invoke>

Parsing ecmascript source code failed

Import trace:
  Server Component:
    ./src/components/personal/now-strip.tsx
    ./src/app/personal/page.tsx @ http://localhost:3000/_next/static/chunks/node_modules_next_dist_1gdrd03._.js:1945
[     592ms] [ERROR] ./src/components/personal/now-strip.tsx:44:2
Unterminated regexp literal
  42 |   );
  43 | }
> 44 | </content>
     |  ^^^^^^^^^
  45 | </invoke>

Parsing ecmascript source code failed

Import trace:
  Server Component:
    ./src/components/personal/now-strip.tsx
    ./src/app/personal/page.tsx @ http://localhost:3000/_next/static/chunks/node_modules_next_dist_1gdrd03._.js:1945
[     698ms] [ERROR] ./src/components/personal/now-strip.tsx:44:1
Expression expected
  42 |   );
  43 | }
> 44 | </content>
     | ^
  45 | </invoke>

Parsing ecmascript source code failed

Import trace:
  Server Component:
    ./src/components/personal/now-strip.tsx
    ./src/app/personal/page.tsx @ http://localhost:3000/_next/static/chunks/node_modules_next_dist_1gdrd03._.js:1945
[     698ms] [ERROR] ./src/components/personal/now-strip.tsx:44:2
Unterminated regexp literal
  42 |   );
  43 | }
> 44 | </content>
     |  ^^^^^^^^^
  45 | </invoke>

Parsing ecmascript source code failed

Import trace:
  Server Component:
    ./src/components/personal/now-strip.tsx
    ./src/app/personal/page.tsx @ http://localhost:3000/_next/static/chunks/node_modules_next_dist_1gdrd03._.js:1945
[     761ms] [ERROR] ./src/components/personal/now-strip.tsx:44:1
Expression expected
  42 |   );
  43 | }
> 44 | </content>
     | ^
  45 | </invoke>

Parsing ecmascript source code failed

Import trace:
  Server Component:
    ./src/components/personal/now-strip.tsx
    ./src/app/personal/page.tsx @ http://localhost:3000/_next/static/chunks/node_modules_next_dist_1gdrd03._.js:1945
[     761ms] [ERROR] ./src/components/personal/now-strip.tsx:44:2
Unterminated regexp literal
  42 |   );
  43 | }
> 44 | </content>
     |  ^^^^^^^^^
  45 | </invoke>

Parsing ecmascript source code failed

Import trace:
  Server Component:
    ./src/components/personal/now-strip.tsx
    ./src/app/personal/page.tsx @ http://localhost:3000/_next/static/chunks/node_modules_next_dist_1gdrd03._.js:1945
[     822ms] [ERROR] ./src/components/personal/now-strip.tsx:44:1
Expression expected
  42 |   );
  43 | }
> 44 | </content>
     | ^
  45 | </invoke>

Parsing ecmascript source code failed

Import trace:
  Server Component:
    ./src/components/personal/now-strip.tsx
    ./src/app/personal/page.tsx @ http://localhost:3000/_next/static/chunks/node_modules_next_dist_1gdrd03._.js:1945
[     822ms] [ERROR] ./src/components/personal/now-strip.tsx:44:2
Unterminated regexp literal
  42 |   );
  43 | }
> 44 | </content>
     |  ^^^^^^^^^
  45 | </invoke>

Parsing ecmascript source code failed

Import trace:
  Server Component:
    ./src/components/personal/now-strip.tsx
    ./src/app/personal/page.tsx @ http://localhost:3000/_next/static/chunks/node_modules_next_dist_1gdrd03._.js:1945
[     884ms] [ERROR] ./src/components/personal/now-strip.tsx:44:1
Expression expected
  42 |   );
  43 | }
> 44 | </content>
     | ^
  45 | </invoke>

Parsing ecmascript source code failed

Import trace:
  Server Component:
    ./src/components/personal/now-strip.tsx
    ./src/app/personal/page.tsx @ http://localhost:3000/_next/static/chunks/node_modules_next_dist_1gdrd03._.js:1945
[     885ms] [ERROR] ./src/components/personal/now-strip.tsx:44:2
Unterminated regexp literal
  42 |   );
  43 | }
> 44 | </content>
     |  ^^^^^^^^^
  45 | </invoke>

Parsing ecmascript source code failed

Import trace:
  Server Component:
    ./src/components/personal/now-strip.tsx
    ./src/app/personal/page.tsx @ http://localhost:3000/_next/static/chunks/node_modules_next_dist_1gdrd03._.js:1945
[     947ms] [ERROR] ./src/components/personal/now-strip.tsx:44:1
Expression expected
  42 |   );
  43 | }
> 44 | </content>
     | ^
  45 | </invoke>

Parsing ecmascript source code failed

Import trace:
  Server Component:
    ./src/components/personal/now-strip.tsx
    ./src/app/personal/page.tsx @ http://localhost:3000/_next/static/chunks/node_modules_next_dist_1gdrd03._.js:1945
[     948ms] [ERROR] ./src/components/personal/now-strip.tsx:44:2
Unterminated regexp literal
  42 |   );
  43 | }
> 44 | </content>
     |  ^^^^^^^^^
  45 | </invoke>

Parsing ecmascript source code failed

Import trace:
  Server Component:
    ./src/components/personal/now-strip.tsx
    ./src/app/personal/page.tsx @ http://localhost:3000/_next/static/chunks/node_modules_next_dist_1gdrd03._.js:1945
[    1010ms] [ERROR] ./src/components/personal/now-strip.tsx:44:1
Expression expected
  42 |   );
  43 | }
> 44 | </content>
     | ^
  45 | </invoke>

Parsing ecmascript source code failed

Import trace:
  Server Component:
    ./src/components/personal/now-strip.tsx
    ./src/app/personal/page.tsx @ http://localhost:3000/_next/static/chunks/node_modules_next_dist_1gdrd03._.js:1945
[    1010ms] [ERROR] ./src/components/personal/now-strip.tsx:44:2
Unterminated regexp literal
  42 |   );
  43 | }
> 44 | </content>
     |  ^^^^^^^^^
  45 | </invoke>

Parsing ecmascript source code failed

Import trace:
  Server Component:
    ./src/components/personal/now-strip.tsx
    ./src/app/personal/page.tsx @ http://localhost:3000/_next/static/chunks/node_modules_next_dist_1gdrd03._.js:1945
[    1073ms] [ERROR] ./src/components/personal/now-strip.tsx:44:1
Expression expected
  42 |   );
  43 | }
> 44 | </content>
     | ^
  45 | </invoke>

Parsing ecmascript source code failed

Import trace:
  Server Component:
    ./src/components/personal/now-strip.tsx
    ./src/app/personal/page.tsx @ http://localhost:3000/_next/static/chunks/node_modules_next_dist_1gdrd03._.js:1945
[    1073ms] [ERROR] ./src/components/personal/now-strip.tsx:44:2
Unterminated regexp literal
  42 |   );
  43 | }
> 44 | </content>
     |  ^^^^^^^^^
  45 | </invoke>

Parsing ecmascript source code failed

Import trace:
  Server Component:
    ./src/components/personal/now-strip.tsx
    ./src/app/personal/page.tsx @ http://localhost:3000/_next/static/chunks/node_modules_next_dist_1gdrd03._.js:1945
[    1135ms] [ERROR] ./src/components/personal/now-strip.tsx:44:1
Expression expected
  42 |   );
  43 | }
> 44 | </content>
     | ^
  45 | </invoke>

Parsing ecmascript source code failed

Import trace:
  Server Component:
    ./src/components/personal/now-strip.tsx
    ./src/app/personal/page.tsx @ http://localhost:3000/_next/static/chunks/node_modules_next_dist_1gdrd03._.js:1945
[    1135ms] [ERROR] ./src/components/personal/now-strip.tsx:44:2
Unterminated regexp literal
  42 |   );
  43 | }
> 44 | </content>
     |  ^^^^^^^^^
  45 | </invoke>

Parsing ecmascript source code failed

Import trace:
  Server Component:
    ./src/components/personal/now-strip.tsx
    ./src/app/personal/page.tsx @ http://localhost:3000/_next/static/chunks/node_modules_next_dist_1gdrd03._.js:1945
[    1198ms] [ERROR] ./src/components/personal/now-strip.tsx:44:1
Expression expected
  42 |   );
  43 | }
> 44 | </content>
     | ^
  45 | </invoke>

Parsing ecmascript source code failed

Import trace:
  Server Component:
    ./src/components/personal/now-strip.tsx
    ./src/app/personal/page.tsx @ http://localhost:3000/_next/static/chunks/node_modules_next_dist_1gdrd03._.js:1945
[    1199ms] [ERROR] ./src/components/personal/now-strip.tsx:44:2
Unterminated regexp literal
  42 |   );
  43 | }
> 44 | </content>
     |  ^^^^^^^^^
  45 | </invoke>

Parsing ecmascript source code failed

Import trace:
  Server Component:
    ./src/components/personal/now-strip.tsx
    ./src/app/personal/page.tsx @ http://localhost:3000/_next/static/chunks/node_modules_next_dist_1gdrd03._.js:1945
[    1264ms] [ERROR] ./src/components/personal/now-strip.tsx:44:1
Expression expected
  42 |   );
  43 | }
> 44 | </content>
     | ^
  45 | </invoke>

Parsing ecmascript source code failed

Import trace:
  Server Component:
    ./src/components/personal/now-strip.tsx
    ./src/app/personal/page.tsx @ http://localhost:3000/_next/static/chunks/node_modules_next_dist_1gdrd03._.js:1945
[    1265ms] [ERROR] ./src/components/personal/now-strip.tsx:44:2
Unterminated regexp literal
  42 |   );
  43 | }
> 44 | </content>
     |  ^^^^^^^^^
  45 | </invoke>

Parsing ecmascript source code failed

Import trace:
  Server Component:
    ./src/components/personal/now-strip.tsx
    ./src/app/personal/page.tsx @ http://localhost:3000/_next/static/chunks/node_modules_next_dist_1gdrd03._.js:1945
[    1342ms] [ERROR] ./src/components/personal/now-strip.tsx:44:1
Expression expected
  42 |   );
  43 | }
> 44 | </content>
     | ^
  45 | </invoke>

Parsing ecmascript source code failed

Import trace:
  Server Component:
    ./src/components/personal/now-strip.tsx
    ./src/app/personal/page.tsx @ http://localhost:3000/_next/static/chunks/node_modules_next_dist_1gdrd03._.js:1945
[    1342ms] [ERROR] ./src/components/personal/now-strip.tsx:44:2
Unterminated regexp literal
  42 |   );
  43 | }
> 44 | </content>
     |  ^^^^^^^^^
  45 | </invoke>

Parsing ecmascript source code failed

Import trace:
  Server Component:
    ./src/components/personal/now-strip.tsx
    ./src/app/personal/page.tsx @ http://localhost:3000/_next/static/chunks/node_modules_next_dist_1gdrd03._.js:1945
[    1408ms] [ERROR] ./src/components/personal/now-strip.tsx:44:1
Expression expected
  42 |   );
  43 | }
> 44 | </content>
     | ^
  45 | </invoke>

Parsing ecmascript source code failed

Import trace:
  Server Component:
    ./src/components/personal/now-strip.tsx
    ./src/app/personal/page.tsx @ http://localhost:3000/_next/static/chunks/node_modules_next_dist_1gdrd03._.js:1945
[    1409ms] [ERROR] ./src/components/personal/now-strip.tsx:44:2
Unterminated regexp literal
  42 |   );
  43 | }
> 44 | </content>
     |  ^^^^^^^^^
  45 | </invoke>

Parsing ecmascript source code failed

Import trace:
  Server Component:
    ./src/components/personal/now-strip.tsx
    ./src/app/personal/page.tsx @ http://localhost:3000/_next/static/chunks/node_modules_next_dist_1gdrd03._.js:1945
[    1466ms] [ERROR] ./src/components/personal/now-strip.tsx:44:1
Expression expected
  42 |   );
  43 | }
> 44 | </content>
     | ^
  45 | </invoke>

Parsing ecmascript source code failed

Import trace:
  Server Component:
    ./src/components/personal/now-strip.tsx
    ./src/app/personal/page.tsx @ http://localhost:3000/_next/static/chunks/node_modules_next_dist_1gdrd03._.js:1945
[    1466ms] [ERROR] ./src/components/personal/now-strip.tsx:44:2
Unterminated regexp literal
  42 |   );
  43 | }
> 44 | </content>
     |  ^^^^^^^^^
  45 | </invoke>

Parsing ecmascript source code failed

Import trace:
  Server Component:
    ./src/components/personal/now-strip.tsx
    ./src/app/personal/page.tsx @ http://localhost:3000/_next/static/chunks/node_modules_next_dist_1gdrd03._.js:1945
[    1531ms] [ERROR] ./src/components/personal/now-strip.tsx:44:1
Expression expected
  42 |   );
  43 | }
> 44 | </content>
     | ^
  45 | </invoke>

Parsing ecmascript source code failed

Import trace:
  Server Component:
    ./src/components/personal/now-strip.tsx
    ./src/app/personal/page.tsx @ http://localhost:3000/_next/static/chunks/node_modules_next_dist_1gdrd03._.js:1945
[    1531ms] [ERROR] ./src/components/personal/now-strip.tsx:44:2
Unterminated regexp literal
  42 |   );
  43 | }
> 44 | </content>
     |  ^^^^^^^^^
  45 | </invoke>

Parsing ecmascript source code failed

Import trace:
  Server Component:
    ./src/components/personal/now-strip.tsx
    ./src/app/personal/page.tsx @ http://localhost:3000/_next/static/chunks/node_modules_next_dist_1gdrd03._.js:1945
[    1590ms] [ERROR] ./src/components/personal/now-strip.tsx:44:1
Expression expected
  42 |   );
  43 | }
> 44 | </content>
     | ^
  45 | </invoke>

Parsing ecmascript source code failed

Import trace:
  Server Component:
    ./src/components/personal/now-strip.tsx
    ./src/app/personal/page.tsx @ http://localhost:3000/_next/static/chunks/node_modules_next_dist_1gdrd03._.js:1945
[    1590ms] [ERROR] ./src/components/personal/now-strip.tsx:44:2
Unterminated regexp literal
  42 |   );
  43 | }
> 44 | </content>
     |  ^^^^^^^^^
  45 | </invoke>

Parsing ecmascript source code failed

Import trace:
  Server Component:
    ./src/components/personal/now-strip.tsx
    ./src/app/personal/page.tsx @ http://localhost:3000/_next/static/chunks/node_modules_next_dist_1gdrd03._.js:1945
[    1655ms] [ERROR] ./src/components/personal/now-strip.tsx:44:1
Expression expected
  42 |   );
  43 | }
> 44 | </content>
     | ^
  45 | </invoke>

Parsing ecmascript source code failed

Import trace:
  Server Component:
    ./src/components/personal/now-strip.tsx
    ./src/app/personal/page.tsx @ http://localhost:3000/_next/static/chunks/node_modules_next_dist_1gdrd03._.js:1945
[    1656ms] [ERROR] ./src/components/personal/now-strip.tsx:44:2
Unterminated regexp literal
  42 |   );
  43 | }
> 44 | </content>
     |  ^^^^^^^^^
  45 | </invoke>

Parsing ecmascript source code failed

Import trace:
  Server Component:
    ./src/components/personal/now-strip.tsx
    ./src/app/personal/page.tsx @ http://localhost:3000/_next/static/chunks/node_modules_next_dist_1gdrd03._.js:1945
[    1732ms] [ERROR] ./src/components/personal/now-strip.tsx:44:1
Expression expected
  42 |   );
  43 | }
> 44 | </content>
     | ^
  45 | </invoke>

Parsing ecmascript source code failed

Import trace:
  Server Component:
    ./src/components/personal/now-strip.tsx
    ./src/app/personal/page.tsx @ http://localhost:3000/_next/static/chunks/node_modules_next_dist_1gdrd03._.js:1945
[    1732ms] [ERROR] ./src/components/personal/now-strip.tsx:44:2
Unterminated regexp literal
  42 |   );
  43 | }
> 44 | </content>
     |  ^^^^^^^^^
  45 | </invoke>

Parsing ecmascript source code failed

Import trace:
  Server Component:
    ./src/components/personal/now-strip.tsx
    ./src/app/personal/page.tsx @ http://localhost:3000/_next/static/chunks/node_modules_next_dist_1gdrd03._.js:1945
[    1796ms] [ERROR] ./src/components/personal/now-strip.tsx:44:1
Expression expected
  42 |   );
  43 | }
> 44 | </content>
     | ^
  45 | </invoke>

Parsing ecmascript source code failed

Import trace:
  Server Component:
    ./src/components/personal/now-strip.tsx
    ./src/app/personal/page.tsx @ http://localhost:3000/_next/static/chunks/node_modules_next_dist_1gdrd03._.js:1945
[    1796ms] [ERROR] ./src/components/personal/now-strip.tsx:44:2
Unterminated regexp literal
  42 |   );
  43 | }
> 44 | </content>
     |  ^^^^^^^^^
  45 | </invoke>

Parsing ecmascript source code failed

Import trace:
  Server Component:
    ./src/components/personal/now-strip.tsx
    ./src/app/personal/page.tsx @ http://localhost:3000/_next/static/chunks/node_modules_next_dist_1gdrd03._.js:1945
[    1856ms] [ERROR] ./src/components/personal/now-strip.tsx:44:1
Expression expected
  42 |   );
  43 | }
> 44 | </content>
     | ^
  45 | </invoke>

Parsing ecmascript source code failed

Import trace:
  Server Component:
    ./src/components/personal/now-strip.tsx
    ./src/app/personal/page.tsx @ http://localhost:3000/_next/static/chunks/node_modules_next_dist_1gdrd03._.js:1945
[    1857ms] [ERROR] ./src/components/personal/now-strip.tsx:44:2
Unterminated regexp literal
  42 |   );
  43 | }
> 44 | </content>
     |  ^^^^^^^^^
  45 | </invoke>

Parsing ecmascript source code failed

Import trace:
  Server Component:
    ./src/components/personal/now-strip.tsx
    ./src/app/personal/page.tsx @ http://localhost:3000/_next/static/chunks/node_modules_next_dist_1gdrd03._.js:1945
[    1918ms] [ERROR] ./src/components/personal/now-strip.tsx:44:1
Expression expected
  42 |   );
  43 | }
> 44 | </content>
     | ^
  45 | </invoke>

Parsing ecmascript source code failed

Import trace:
  Server Component:
    ./src/components/personal/now-strip.tsx
    ./src/app/personal/page.tsx @ http://localhost:3000/_next/static/chunks/node_modules_next_dist_1gdrd03._.js:1945
[    1919ms] [ERROR] ./src/components/personal/now-strip.tsx:44:2
Unterminated regexp literal
  42 |   );
  43 | }
> 44 | </content>
     |  ^^^^^^^^^
  45 | </invoke>

Parsing ecmascript source code failed

Import trace:
  Server Component:
    ./src/components/personal/now-strip.tsx
    ./src/app/personal/page.tsx @ http://localhost:3000/_next/static/chunks/node_modules_next_dist_1gdrd03._.js:1945
[    1981ms] [ERROR] ./src/components/personal/now-strip.tsx:44:1
Expression expected
  42 |   );
  43 | }
> 44 | </content>
     | ^
  45 | </invoke>

Parsing ecmascript source code failed

Import trace:
  Server Component:
    ./src/components/personal/now-strip.tsx
    ./src/app/personal/page.tsx @ http://localhost:3000/_next/static/chunks/node_modules_next_dist_1gdrd03._.js:1945
[    1981ms] [ERROR] ./src/components/personal/now-strip.tsx:44:2
Unterminated regexp literal
  42 |   );
  43 | }
> 44 | </content>
     |  ^^^^^^^^^
  45 | </invoke>

Parsing ecmascript source code failed

Import trace:
  Server Component:
    ./src/components/personal/now-strip.tsx
    ./src/app/personal/page.tsx @ http://localhost:3000/_next/static/chunks/node_modules_next_dist_1gdrd03._.js:1945
[    2043ms] [ERROR] ./src/components/personal/now-strip.tsx:44:1
Expression expected
  42 |   );
  43 | }
> 44 | </content>
     | ^
  45 | </invoke>

Parsing ecmascript source code failed

Import trace:
  Server Component:
    ./src/components/personal/now-strip.tsx
    ./src/app/personal/page.tsx @ http://localhost:3000/_next/static/chunks/node_modules_next_dist_1gdrd03._.js:1945
[    2044ms] [ERROR] ./src/components/personal/now-strip.tsx:44:2
Unterminated regexp literal
  42 |   );
  43 | }
> 44 | </content>
     |  ^^^^^^^^^
  45 | </invoke>

Parsing ecmascript source code failed

Import trace:
  Server Component:
    ./src/components/personal/now-strip.tsx
    ./src/app/personal/page.tsx @ http://localhost:3000/_next/static/chunks/node_modules_next_dist_1gdrd03._.js:1945
[    2107ms] [ERROR] ./src/components/personal/now-strip.tsx:44:1
Expression expected
  42 |   );
  43 | }
> 44 | </content>
     | ^
  45 | </invoke>

Parsing ecmascript source code failed

Import trace:
  Server Component:
    ./src/components/personal/now-strip.tsx
    ./src/app/personal/page.tsx @ http://localhost:3000/_next/static/chunks/node_modules_next_dist_1gdrd03._.js:1945
[    2107ms] [ERROR] ./src/components/personal/now-strip.tsx:44:2
Unterminated regexp literal
  42 |   );
  43 | }
> 44 | </content>
     |  ^^^^^^^^^
  45 | </invoke>

Parsing ecmascript source code failed

Import trace:
  Server Component:
    ./src/components/personal/now-strip.tsx
    ./src/app/personal/page.tsx @ http://localhost:3000/_next/static/chunks/node_modules_next_dist_1gdrd03._.js:1945
[    2168ms] [ERROR] ./src/components/personal/now-strip.tsx:44:1
Expression expected
  42 |   );
  43 | }
> 44 | </content>
     | ^
  45 | </invoke>

Parsing ecmascript source code failed

Import trace:
  Server Component:
    ./src/components/personal/now-strip.tsx
    ./src/app/personal/page.tsx @ http://localhost:3000/_next/static/chunks/node_modules_next_dist_1gdrd03._.js:1945
[    2168ms] [ERROR] ./src/components/personal/now-strip.tsx:44:2
Unterminated regexp literal
  42 |   );
  43 | }
> 44 | </content>
     |  ^^^^^^^^^
  45 | </invoke>

Parsing ecmascript source code failed

Import trace:
  Server Component:
    ./src/components/personal/now-strip.tsx
    ./src/app/personal/page.tsx @ http://localhost:3000/_next/static/chunks/node_modules_next_dist_1gdrd03._.js:1945
[    2230ms] [ERROR] ./src/components/personal/now-strip.tsx:44:1
Expression expected
  42 |   );
  43 | }
> 44 | </content>
     | ^
  45 | </invoke>

Parsing ecmascript source code failed

Import trace:
  Server Component:
    ./src/components/personal/now-strip.tsx
    ./src/app/personal/page.tsx @ http://localhost:3000/_next/static/chunks/node_modules_next_dist_1gdrd03._.js:1945
[    2230ms] [ERROR] ./src/components/personal/now-strip.tsx:44:2
Unterminated regexp literal
  42 |   );
  43 | }
> 44 | </content>
     |  ^^^^^^^^^
  45 | </invoke>

Parsing ecmascript source code failed

Import trace:
  Server Component:
    ./src/components/personal/now-strip.tsx
    ./src/app/personal/page.tsx @ http://localhost:3000/_next/static/chunks/node_modules_next_dist_1gdrd03._.js:1945
[    2291ms] [ERROR] ./src/components/personal/now-strip.tsx:44:1
Expression expected
  42 |   );
  43 | }
> 44 | </content>
     | ^
  45 | </invoke>

Parsing ecmascript source code failed

Import trace:
  Server Component:
    ./src/components/personal/now-strip.tsx
    ./src/app/personal/page.tsx @ http://localhost:3000/_next/static/chunks/node_modules_next_dist_1gdrd03._.js:1945
[    2291ms] [ERROR] ./src/components/personal/now-strip.tsx:44:2
Unterminated regexp literal
  42 |   );
  43 | }
> 44 | </content>
     |  ^^^^^^^^^
  45 | </invoke>

Parsing ecmascript source code failed

Import trace:
  Server Component:
    ./src/components/personal/now-strip.tsx
    ./src/app/personal/page.tsx @ http://localhost:3000/_next/static/chunks/node_modules_next_dist_1gdrd03._.js:1945
[    2354ms] [ERROR] ./src/components/personal/now-strip.tsx:44:1
Expression expected
  42 |   );
  43 | }
> 44 | </content>
     | ^
  45 | </invoke>

Parsing ecmascript source code failed

Import trace:
  Server Component:
    ./src/components/personal/now-strip.tsx
    ./src/app/personal/page.tsx @ http://localhost:3000/_next/static/chunks/node_modules_next_dist_1gdrd03._.js:1945
[    2355ms] [ERROR] ./src/components/personal/now-strip.tsx:44:2
Unterminated regexp literal
  42 |   );
  43 | }
> 44 | </content>
     |  ^^^^^^^^^
  45 | </invoke>

Parsing ecmascript source code failed

Import trace:
  Server Component:
    ./src/components/personal/now-strip.tsx
    ./src/app/personal/page.tsx @ http://localhost:3000/_next/static/chunks/node_modules_next_dist_1gdrd03._.js:1945
[    2416ms] [ERROR] ./src/components/personal/now-strip.tsx:44:1
Expression expected
  42 |   );
  43 | }
> 44 | </content>
     | ^
  45 | </invoke>

Parsing ecmascript source code failed

Import trace:
  Server Component:
    ./src/components/personal/now-strip.tsx
    ./src/app/personal/page.tsx @ http://localhost:3000/_next/static/chunks/node_modules_next_dist_1gdrd03._.js:1945
[    2416ms] [ERROR] ./src/components/personal/now-strip.tsx:44:2
Unterminated regexp literal
  42 |   );
  43 | }
> 44 | </content>
     |  ^^^^^^^^^
  45 | </invoke>

Parsing ecmascript source code failed

Import trace:
  Server Component:
    ./src/components/personal/now-strip.tsx
    ./src/app/personal/page.tsx @ http://localhost:3000/_next/static/chunks/node_modules_next_dist_1gdrd03._.js:1945
[    2480ms] [ERROR] ./src/components/personal/now-strip.tsx:44:1
Expression expected
  42 |   );
  43 | }
> 44 | </content>
     | ^
  45 | </invoke>

Parsing ecmascript source code failed

Import trace:
  Server Component:
    ./src/components/personal/now-strip.tsx
    ./src/app/personal/page.tsx @ http://localhost:3000/_next/static/chunks/node_modules_next_dist_1gdrd03._.js:1945
[    2480ms] [ERROR] ./src/components/personal/now-strip.tsx:44:2
Unterminated regexp literal
  42 |   );
  43 | }
> 44 | </content>
     |  ^^^^^^^^^
  45 | </invoke>

Parsing ecmascript source code failed

Import trace:
  Server Component:
    ./src/components/personal/now-strip.tsx
    ./src/app/personal/page.tsx @ http://localhost:3000/_next/static/chunks/node_modules_next_dist_1gdrd03._.js:1945
[    2542ms] [ERROR] ./src/components/personal/now-strip.tsx:44:1
Expression expected
  42 |   );
  43 | }
> 44 | </content>
     | ^
  45 | </invoke>

Parsing ecmascript source code failed

Import trace:
  Server Component:
    ./src/components/personal/now-strip.tsx
    ./src/app/personal/page.tsx @ http://localhost:3000/_next/static/chunks/node_modules_next_dist_1gdrd03._.js:1945
[    2542ms] [ERROR] ./src/components/personal/now-strip.tsx:44:2
Unterminated regexp literal
  42 |   );
  43 | }
> 44 | </content>
     |  ^^^^^^^^^
  45 | </invoke>

Parsing ecmascript source code failed

Import trace:
  Server Component:
    ./src/components/personal/now-strip.tsx
    ./src/app/personal/page.tsx @ http://localhost:3000/_next/static/chunks/node_modules_next_dist_1gdrd03._.js:1945
[    2603ms] [ERROR] ./src/components/personal/now-strip.tsx:44:1
Expression expected
  42 |   );
  43 | }
> 44 | </content>
     | ^
  45 | </invoke>

Parsing ecmascript source code failed

Import trace:
  Server Component:
    ./src/components/personal/now-strip.tsx
    ./src/app/personal/page.tsx @ http://localhost:3000/_next/static/chunks/node_modules_next_dist_1gdrd03._.js:1945
[    2603ms] [ERROR] ./src/components/personal/now-strip.tsx:44:2
Unterminated regexp literal
  42 |   );
  43 | }
> 44 | </content>
     |  ^^^^^^^^^
  45 | </invoke>

Parsing ecmascript source code failed

Import trace:
  Server Component:
    ./src/components/personal/now-strip.tsx
    ./src/app/personal/page.tsx @ http://localhost:3000/_next/static/chunks/node_modules_next_dist_1gdrd03._.js:1945
[    2666ms] [ERROR] ./src/components/personal/now-strip.tsx:44:1
Expression expected
  42 |   );
  43 | }
> 44 | </content>
     | ^
  45 | </invoke>

Parsing ecmascript source code failed

Import trace:
  Server Component:
    ./src/components/personal/now-strip.tsx
    ./src/app/personal/page.tsx @ http://localhost:3000/_next/static/chunks/node_modules_next_dist_1gdrd03._.js:1945
[    2666ms] [ERROR] ./src/components/personal/now-strip.tsx:44:2
Unterminated regexp literal
  42 |   );
  43 | }
> 44 | </content>
     |  ^^^^^^^^^
  45 | </invoke>

Parsing ecmascript source code failed

Import trace:
  Server Component:
    ./src/components/personal/now-strip.tsx
    ./src/app/personal/page.tsx @ http://localhost:3000/_next/static/chunks/node_modules_next_dist_1gdrd03._.js:1945
[    2729ms] [ERROR] ./src/components/personal/now-strip.tsx:44:1
Expression expected
  42 |   );
  43 | }
> 44 | </content>
     | ^
  45 | </invoke>

Parsing ecmascript source code failed

Import trace:
  Server Component:
    ./src/components/personal/now-strip.tsx
    ./src/app/personal/page.tsx @ http://localhost:3000/_next/static/chunks/node_modules_next_dist_1gdrd03._.js:1945
[    2729ms] [ERROR] ./src/components/personal/now-strip.tsx:44:2
Unterminated regexp literal
  42 |   );
  43 | }
> 44 | </content>
     |  ^^^^^^^^^
  45 | </invoke>

Parsing ecmascript source code failed

Import trace:
  Server Component:
    ./src/components/personal/now-strip.tsx
    ./src/app/personal/page.tsx @ http://localhost:3000/_next/static/chunks/node_modules_next_dist_1gdrd03._.js:1945
[    2806ms] [ERROR] ./src/components/personal/now-strip.tsx:44:1
Expression expected
  42 |   );
  43 | }
> 44 | </content>
     | ^
  45 | </invoke>

Parsing ecmascript source code failed

Import trace:
  Server Component:
    ./src/components/personal/now-strip.tsx
    ./src/app/personal/page.tsx @ http://localhost:3000/_next/static/chunks/node_modules_next_dist_1gdrd03._.js:1945
[    2806ms] [ERROR] ./src/components/personal/now-strip.tsx:44:2
Unterminated regexp literal
  42 |   );
  43 | }
> 44 | </content>
     |  ^^^^^^^^^
  45 | </invoke>

Parsing ecmascript source code failed

Import trace:
  Server Component:
    ./src/components/personal/now-strip.tsx
    ./src/app/personal/page.tsx @ http://localhost:3000/_next/static/chunks/node_modules_next_dist_1gdrd03._.js:1945
[    2869ms] [ERROR] ./src/components/personal/now-strip.tsx:44:1
Expression expected
  42 |   );
  43 | }
> 44 | </content>
     | ^
  45 | </invoke>

Parsing ecmascript source code failed

Import trace:
  Server Component:
    ./src/components/personal/now-strip.tsx
    ./src/app/personal/page.tsx @ http://localhost:3000/_next/static/chunks/node_modules_next_dist_1gdrd03._.js:1945
[    2869ms] [ERROR] ./src/components/personal/now-strip.tsx:44:2
Unterminated regexp literal
  42 |   );
  43 | }
> 44 | </content>
     |  ^^^^^^^^^
  45 | </invoke>

Parsing ecmascript source code failed

Import trace:
  Server Component:
    ./src/components/personal/now-strip.tsx
    ./src/app/personal/page.tsx @ http://localhost:3000/_next/static/chunks/node_modules_next_dist_1gdrd03._.js:1945
[    2934ms] [ERROR] ./src/components/personal/now-strip.tsx:44:1
Expression expected
  42 |   );
  43 | }
> 44 | </content>
     | ^
  45 | </invoke>

Parsing ecmascript source code failed

Import trace:
  Server Component:
    ./src/components/personal/now-strip.tsx
    ./src/app/personal/page.tsx @ http://localhost:3000/_next/static/chunks/node_modules_next_dist_1gdrd03._.js:1945
[    2935ms] [ERROR] ./src/components/personal/now-strip.tsx:44:2
Unterminated regexp literal
  42 |   );
  43 | }
> 44 | </content>
     |  ^^^^^^^^^
  45 | </invoke>

Parsing ecmascript source code failed

Import trace:
  Server Component:
    ./src/components/personal/now-strip.tsx
    ./src/app/personal/page.tsx @ http://localhost:3000/_next/static/chunks/node_modules_next_dist_1gdrd03._.js:1945
[    2992ms] [ERROR] ./src/components/personal/now-strip.tsx:44:1
Expression expected
  42 |   );
  43 | }
> 44 | </content>
     | ^
  45 | </invoke>

Parsing ecmascript source code failed

Import trace:
  Server Component:
    ./src/components/personal/now-strip.tsx
    ./src/app/personal/page.tsx @ http://localhost:3000/_next/static/chunks/node_modules_next_dist_1gdrd03._.js:1945
[    2992ms] [ERROR] ./src/components/personal/now-strip.tsx:44:2
Unterminated regexp literal
  42 |   );
  43 | }
> 44 | </content>
     |  ^^^^^^^^^
  45 | </invoke>

Parsing ecmascript source code failed

Import trace:
  Server Component:
    ./src/components/personal/now-strip.tsx
    ./src/app/personal/page.tsx @ http://localhost:3000/_next/static/chunks/node_modules_next_dist_1gdrd03._.js:1945
[    3052ms] [ERROR] ./src/components/personal/now-strip.tsx:44:1
Expression expected
  42 |   );
  43 | }
> 44 | </content>
     | ^
  45 | </invoke>

Parsing ecmascript source code failed

Import trace:
  Server Component:
    ./src/components/personal/now-strip.tsx
    ./src/app/personal/page.tsx @ http://localhost:3000/_next/static/chunks/node_modules_next_dist_1gdrd03._.js:1945
[    3052ms] [ERROR] ./src/components/personal/now-strip.tsx:44:2
Unterminated regexp literal
  42 |   );
  43 | }
> 44 | </content>
     |  ^^^^^^^^^
  45 | </invoke>

Parsing ecmascript source code failed

Import trace:
  Server Component:
    ./src/components/personal/now-strip.tsx
    ./src/app/personal/page.tsx @ http://localhost:3000/_next/static/chunks/node_modules_next_dist_1gdrd03._.js:1945
[    3115ms] [ERROR] ./src/components/personal/now-strip.tsx:44:1
Expression expected
  42 |   );
  43 | }
> 44 | </content>
     | ^
  45 | </invoke>

Parsing ecmascript source code failed

Import trace:
  Server Component:
    ./src/components/personal/now-strip.tsx
    ./src/app/personal/page.tsx @ http://localhost:3000/_next/static/chunks/node_modules_next_dist_1gdrd03._.js:1945
[    3115ms] [ERROR] ./src/components/personal/now-strip.tsx:44:2
Unterminated regexp literal
  42 |   );
  43 | }
> 44 | </content>
     |  ^^^^^^^^^
  45 | </invoke>

Parsing ecmascript source code failed

Import trace:
  Server Component:
    ./src/components/personal/now-strip.tsx
    ./src/app/personal/page.tsx @ http://localhost:3000/_next/static/chunks/node_modules_next_dist_1gdrd03._.js:1945
[    3177ms] [ERROR] ./src/components/personal/now-strip.tsx:44:1
Expression expected
  42 |   );
  43 | }
> 44 | </content>
     | ^
  45 | </invoke>

Parsing ecmascript source code failed

Import trace:
  Server Component:
    ./src/components/personal/now-strip.tsx
    ./src/app/personal/page.tsx @ http://localhost:3000/_next/static/chunks/node_modules_next_dist_1gdrd03._.js:1945
[    3177ms] [ERROR] ./src/components/personal/now-strip.tsx:44:2
Unterminated regexp literal
  42 |   );
  43 | }
> 44 | </content>
     |  ^^^^^^^^^
  45 | </invoke>

Parsing ecmascript source code failed

Import trace:
  Server Component:
    ./src/components/personal/now-strip.tsx
    ./src/app/personal/page.tsx @ http://localhost:3000/_next/static/chunks/node_modules_next_dist_1gdrd03._.js:1945
[    3240ms] [ERROR] ./src/components/personal/now-strip.tsx:44:1
Expression expected
  42 |   );
  43 | }
> 44 | </content>
     | ^
  45 | </invoke>

Parsing ecmascript source code failed

Import trace:
  Server Component:
    ./src/components/personal/now-strip.tsx
    ./src/app/personal/page.tsx @ http://localhost:3000/_next/static/chunks/node_modules_next_dist_1gdrd03._.js:1945
[    3241ms] [ERROR] ./src/components/personal/now-strip.tsx:44:2
Unterminated regexp literal
  42 |   );
  43 | }
> 44 | </content>
     |  ^^^^^^^^^
  45 | </invoke>

Parsing ecmascript source code failed

Import trace:
  Server Component:
    ./src/components/personal/now-strip.tsx
    ./src/app/personal/page.tsx @ http://localhost:3000/_next/static/chunks/node_modules_next_dist_1gdrd03._.js:1945
[    3301ms] [ERROR] ./src/components/personal/now-strip.tsx:44:1
Expression expected
  42 |   );
  43 | }
> 44 | </content>
     | ^
  45 | </invoke>

Parsing ecmascript source code failed

Import trace:
  Server Component:
    ./src/components/personal/now-strip.tsx
    ./src/app/personal/page.tsx @ http://localhost:3000/_next/static/chunks/node_modules_next_dist_1gdrd03._.js:1945
[    3302ms] [ERROR] ./src/components/personal/now-strip.tsx:44:2
Unterminated regexp literal
  42 |   );
  43 | }
> 44 | </content>
     |  ^^^^^^^^^
  45 | </invoke>

Parsing ecmascript source code failed

Import trace:
  Server Component:
    ./src/components/personal/now-strip.tsx
    ./src/app/personal/page.tsx @ http://localhost:3000/_next/static/chunks/node_modules_next_dist_1gdrd03._.js:1945
[    3366ms] [ERROR] ./src/components/personal/now-strip.tsx:44:1
Expression expected
  42 |   );
  43 | }
> 44 | </content>
     | ^
  45 | </invoke>

Parsing ecmascript source code failed

Import trace:
  Server Component:
    ./src/components/personal/now-strip.tsx
    ./src/app/personal/page.tsx @ http://localhost:3000/_next/static/chunks/node_modules_next_dist_1gdrd03._.js:1945
[    3367ms] [ERROR] ./src/components/personal/now-strip.tsx:44:2
Unterminated regexp literal
  42 |   );
  43 | }
> 44 | </content>
     |  ^^^^^^^^^
  45 | </invoke>

Parsing ecmascript source code failed

Import trace:
  Server Component:
    ./src/components/personal/now-strip.tsx
    ./src/app/personal/page.tsx @ http://localhost:3000/_next/static/chunks/node_modules_next_dist_1gdrd03._.js:1945
[    3430ms] [ERROR] ./src/components/personal/now-strip.tsx:44:1
Expression expected
  42 |   );
  43 | }
> 44 | </content>
     | ^
  45 | </invoke>

Parsing ecmascript source code failed

Import trace:
  Server Component:
    ./src/components/personal/now-strip.tsx
    ./src/app/personal/page.tsx @ http://localhost:3000/_next/static/chunks/node_modules_next_dist_1gdrd03._.js:1945
[    3430ms] [ERROR] ./src/components/personal/now-strip.tsx:44:2
Unterminated regexp literal
  42 |   );
  43 | }
> 44 | </content>
     |  ^^^^^^^^^
  45 | </invoke>

Parsing ecmascript source code failed

Import trace:
  Server Component:
    ./src/components/personal/now-strip.tsx
    ./src/app/personal/page.tsx @ http://localhost:3000/_next/static/chunks/node_modules_next_dist_1gdrd03._.js:1945
[    3510ms] [ERROR] ./src/components/personal/now-strip.tsx:44:1
Expression expected
  42 |   );
  43 | }
> 44 | </content>
     | ^
  45 | </invoke>

Parsing ecmascript source code failed

Import trace:
  Server Component:
    ./src/components/personal/now-strip.tsx
    ./src/app/personal/page.tsx @ http://localhost:3000/_next/static/chunks/node_modules_next_dist_1gdrd03._.js:1945
[    3510ms] [ERROR] ./src/components/personal/now-strip.tsx:44:2
Unterminated regexp literal
  42 |   );
  43 | }
> 44 | </content>
     |  ^^^^^^^^^
  45 | </invoke>

Parsing ecmascript source code failed

Import trace:
  Server Component:
    ./src/components/personal/now-strip.tsx
    ./src/app/personal/page.tsx @ http://localhost:3000/_next/static/chunks/node_modules_next_dist_1gdrd03._.js:1945
[    3572ms] [ERROR] ./src/components/personal/now-strip.tsx:44:1
Expression expected
  42 |   );
  43 | }
> 44 | </content>
     | ^
  45 | </invoke>

Parsing ecmascript source code failed

Import trace:
  Server Component:
    ./src/components/personal/now-strip.tsx
    ./src/app/personal/page.tsx @ http://localhost:3000/_next/static/chunks/node_modules_next_dist_1gdrd03._.js:1945
[    3573ms] [ERROR] ./src/components/personal/now-strip.tsx:44:2
Unterminated regexp literal
  42 |   );
  43 | }
> 44 | </content>
     |  ^^^^^^^^^
  45 | </invoke>

Parsing ecmascript source code failed

Import trace:
  Server Component:
    ./src/components/personal/now-strip.tsx
    ./src/app/personal/page.tsx @ http://localhost:3000/_next/static/chunks/node_modules_next_dist_1gdrd03._.js:1945
[    3633ms] [ERROR] ./src/components/personal/now-strip.tsx:44:1
Expression expected
  42 |   );
  43 | }
> 44 | </content>
     | ^
  45 | </invoke>

Parsing ecmascript source code failed

Import trace:
  Server Component:
    ./src/components/personal/now-strip.tsx
    ./src/app/personal/page.tsx @ http://localhost:3000/_next/static/chunks/node_modules_next_dist_1gdrd03._.js:1945
[    3633ms] [ERROR] ./src/components/personal/now-strip.tsx:44:2
Unterminated regexp literal
  42 |   );
  43 | }
> 44 | </content>
     |  ^^^^^^^^^
  45 | </invoke>

Parsing ecmascript source code failed

Import trace:
  Server Component:
    ./src/components/personal/now-strip.tsx
    ./src/app/personal/page.tsx @ http://localhost:3000/_next/static/chunks/node_modules_next_dist_1gdrd03._.js:1945
[    3697ms] [ERROR] ./src/components/personal/now-strip.tsx:44:1
Expression expected
  42 |   );
  43 | }
> 44 | </content>
     | ^
  45 | </invoke>

Parsing ecmascript source code failed

Import trace:
  Server Component:
    ./src/components/personal/now-strip.tsx
    ./src/app/personal/page.tsx @ http://localhost:3000/_next/static/chunks/node_modules_next_dist_1gdrd03._.js:1945
[    3697ms] [ERROR] ./src/components/personal/now-strip.tsx:44:2
Unterminated regexp literal
  42 |   );
  43 | }
> 44 | </content>
     |  ^^^^^^^^^
  45 | </invoke>

Parsing ecmascript source code failed

Import trace:
  Server Component:
    ./src/components/personal/now-strip.tsx
    ./src/app/personal/page.tsx @ http://localhost:3000/_next/static/chunks/node_modules_next_dist_1gdrd03._.js:1945
[    3759ms] [ERROR] ./src/components/personal/now-strip.tsx:44:1
Expression expected
  42 |   );
  43 | }
> 44 | </content>
     | ^
  45 | </invoke>

Parsing ecmascript source code failed

Import trace:
  Server Component:
    ./src/components/personal/now-strip.tsx
    ./src/app/personal/page.tsx @ http://localhost:3000/_next/static/chunks/node_modules_next_dist_1gdrd03._.js:1945
[    3760ms] [ERROR] ./src/components/personal/now-strip.tsx:44:2
Unterminated regexp literal
  42 |   );
  43 | }
> 44 | </content>
     |  ^^^^^^^^^
  45 | </invoke>

Parsing ecmascript source code failed

Import trace:
  Server Component:
    ./src/components/personal/now-strip.tsx
    ./src/app/personal/page.tsx @ http://localhost:3000/_next/static/chunks/node_modules_next_dist_1gdrd03._.js:1945
[    3821ms] [ERROR] ./src/components/personal/now-strip.tsx:44:1
Expression expected
  42 |   );
  43 | }
> 44 | </content>
     | ^
  45 | </invoke>

Parsing ecmascript source code failed

Import trace:
  Server Component:
    ./src/components/personal/now-strip.tsx
    ./src/app/personal/page.tsx @ http://localhost:3000/_next/static/chunks/node_modules_next_dist_1gdrd03._.js:1945
[    3822ms] [ERROR] ./src/components/personal/now-strip.tsx:44:2
Unterminated regexp literal
  42 |   );
  43 | }
> 44 | </content>
     |  ^^^^^^^^^
  45 | </invoke>

Parsing ecmascript source code failed

Import trace:
  Server Component:
    ./src/components/personal/now-strip.tsx
    ./src/app/personal/page.tsx @ http://localhost:3000/_next/static/chunks/node_modules_next_dist_1gdrd03._.js:1945
[    3883ms] [ERROR] ./src/components/personal/now-strip.tsx:44:1
Expression expected
  42 |   );
  43 | }
> 44 | </content>
     | ^
  45 | </invoke>

Parsing ecmascript source code failed

Import trace:
  Server Component:
    ./src/components/personal/now-strip.tsx
    ./src/app/personal/page.tsx @ http://localhost:3000/_next/static/chunks/node_modules_next_dist_1gdrd03._.js:1945
[    3884ms] [ERROR] ./src/components/personal/now-strip.tsx:44:2
Unterminated regexp literal
  42 |   );
  43 | }
> 44 | </content>
     |  ^^^^^^^^^
  45 | </invoke>

Parsing ecmascript source code failed

Import trace:
  Server Component:
    ./src/components/personal/now-strip.tsx
    ./src/app/personal/page.tsx @ http://localhost:3000/_next/static/chunks/node_modules_next_dist_1gdrd03._.js:1945
[    3947ms] [ERROR] ./src/components/personal/now-strip.tsx:44:1
Expression expected
  42 |   );
  43 | }
> 44 | </content>
     | ^
  45 | </invoke>

Parsing ecmascript source code failed

Import trace:
  Server Component:
    ./src/components/personal/now-strip.tsx
    ./src/app/personal/page.tsx @ http://localhost:3000/_next/static/chunks/node_modules_next_dist_1gdrd03._.js:1945
[    3948ms] [ERROR] ./src/components/personal/now-strip.tsx:44:2
Unterminated regexp literal
  42 |   );
  43 | }
> 44 | </content>
     |  ^^^^^^^^^
  45 | </invoke>

Parsing ecmascript source code failed

Import trace:
  Server Component:
    ./src/components/personal/now-strip.tsx
    ./src/app/personal/page.tsx @ http://localhost:3000/_next/static/chunks/node_modules_next_dist_1gdrd03._.js:1945
[    4010ms] [ERROR] ./src/components/personal/now-strip.tsx:44:1
Expression expected
  42 |   );
  43 | }
> 44 | </content>
     | ^
  45 | </invoke>

Parsing ecmascript source code failed

Import trace:
  Server Component:
    ./src/components/personal/now-strip.tsx
    ./src/app/personal/page.tsx @ http://localhost:3000/_next/static/chunks/node_modules_next_dist_1gdrd03._.js:1945
[    4011ms] [ERROR] ./src/components/personal/now-strip.tsx:44:2
Unterminated regexp literal
  42 |   );
  43 | }
> 44 | </content>
     |  ^^^^^^^^^
  45 | </invoke>

Parsing ecmascript source code failed

Import trace:
  Server Component:
    ./src/components/personal/now-strip.tsx
    ./src/app/personal/page.tsx @ http://localhost:3000/_next/static/chunks/node_modules_next_dist_1gdrd03._.js:1945
[    4072ms] [ERROR] ./src/components/personal/now-strip.tsx:44:1
Expression expected
  42 |   );
  43 | }
> 44 | </content>
     | ^
  45 | </invoke>

Parsing ecmascript source code failed

Import trace:
  Server Component:
    ./src/components/personal/now-strip.tsx
    ./src/app/personal/page.tsx @ http://localhost:3000/_next/static/chunks/node_modules_next_dist_1gdrd03._.js:1945
[    4073ms] [ERROR] ./src/components/personal/now-strip.tsx:44:2
Unterminated regexp literal
  42 |   );
  43 | }
> 44 | </content>
     |  ^^^^^^^^^
  45 | </invoke>

Parsing ecmascript source code failed

Import trace:
  Server Component:
    ./src/components/personal/now-strip.tsx
    ./src/app/personal/page.tsx @ http://localhost:3000/_next/static/chunks/node_modules_next_dist_1gdrd03._.js:1945
[    4136ms] [ERROR] ./src/components/personal/now-strip.tsx:44:1
Expression expected
  42 |   );
  43 | }
> 44 | </content>
     | ^
  45 | </invoke>

Parsing ecmascript source code failed

Import trace:
  Server Component:
    ./src/components/personal/now-strip.tsx
    ./src/app/personal/page.tsx @ http://localhost:3000/_next/static/chunks/node_modules_next_dist_1gdrd03._.js:1945
[    4136ms] [ERROR] ./src/components/personal/now-strip.tsx:44:2
Unterminated regexp literal
  42 |   );
  43 | }
> 44 | </content>
     |  ^^^^^^^^^
  45 | </invoke>

Parsing ecmascript source code failed

Import trace:
  Server Component:
    ./src/components/personal/now-strip.tsx
    ./src/app/personal/page.tsx @ http://localhost:3000/_next/static/chunks/node_modules_next_dist_1gdrd03._.js:1945
[    4197ms] [ERROR] ./src/components/personal/now-strip.tsx:44:1
Expression expected
  42 |   );
  43 | }
> 44 | </content>
     | ^
  45 | </invoke>

Parsing ecmascript source code failed

Import trace:
  Server Component:
    ./src/components/personal/now-strip.tsx
    ./src/app/personal/page.tsx @ http://localhost:3000/_next/static/chunks/node_modules_next_dist_1gdrd03._.js:1945
[    4198ms] [ERROR] ./src/components/personal/now-strip.tsx:44:2
Unterminated regexp literal
  42 |   );
  43 | }
> 44 | </content>
     |  ^^^^^^^^^
  45 | </invoke>

Parsing ecmascript source code failed

Import trace:
  Server Component:
    ./src/components/personal/now-strip.tsx
    ./src/app/personal/page.tsx @ http://localhost:3000/_next/static/chunks/node_modules_next_dist_1gdrd03._.js:1945
[    4262ms] [ERROR] ./src/components/personal/now-strip.tsx:44:1
Expression expected
  42 |   );
  43 | }
> 44 | </content>
     | ^
  45 | </invoke>

Parsing ecmascript source code failed

Import trace:
  Server Component:
    ./src/components/personal/now-strip.tsx
    ./src/app/personal/page.tsx @ http://localhost:3000/_next/static/chunks/node_modules_next_dist_1gdrd03._.js:1945
[    4262ms] [ERROR] ./src/components/personal/now-strip.tsx:44:2
Unterminated regexp literal
  42 |   );
  43 | }
> 44 | </content>
     |  ^^^^^^^^^
  45 | </invoke>

Parsing ecmascript source code failed

Import trace:
  Server Component:
    ./src/components/personal/now-strip.tsx
    ./src/app/personal/page.tsx @ http://localhost:3000/_next/static/chunks/node_modules_next_dist_1gdrd03._.js:1945
[    4325ms] [ERROR] ./src/components/personal/now-strip.tsx:44:1
Expression expected
  42 |   );
  43 | }
> 44 | </content>
     | ^
  45 | </invoke>

Parsing ecmascript source code failed

Import trace:
  Server Component:
    ./src/components/personal/now-strip.tsx
    ./src/app/personal/page.tsx @ http://localhost:3000/_next/static/chunks/node_modules_next_dist_1gdrd03._.js:1945
[    4325ms] [ERROR] ./src/components/personal/now-strip.tsx:44:2
Unterminated regexp literal
  42 |   );
  43 | }
> 44 | </content>
     |  ^^^^^^^^^
  45 | </invoke>

Parsing ecmascript source code failed

Import trace:
  Server Component:
    ./src/components/personal/now-strip.tsx
    ./src/app/personal/page.tsx @ http://localhost:3000/_next/static/chunks/node_modules_next_dist_1gdrd03._.js:1945
[    4386ms] [ERROR] ./src/components/personal/now-strip.tsx:44:1
Expression expected
  42 |   );
  43 | }
> 44 | </content>
     | ^
  45 | </invoke>

Parsing ecmascript source code failed

Import trace:
  Server Component:
    ./src/components/personal/now-strip.tsx
    ./src/app/personal/page.tsx @ http://localhost:3000/_next/static/chunks/node_modules_next_dist_1gdrd03._.js:1945
[    4386ms] [ERROR] ./src/components/personal/now-strip.tsx:44:2
Unterminated regexp literal
  42 |   );
  43 | }
> 44 | </content>
     |  ^^^^^^^^^
  45 | </invoke>

Parsing ecmascript source code failed

Import trace:
  Server Component:
    ./src/components/personal/now-strip.tsx
    ./src/app/personal/page.tsx @ http://localhost:3000/_next/static/chunks/node_modules_next_dist_1gdrd03._.js:1945
[    4448ms] [ERROR] ./src/components/personal/now-strip.tsx:44:1
Expression expected
  42 |   );
  43 | }
> 44 | </content>
     | ^
  45 | </invoke>

Parsing ecmascript source code failed

Import trace:
  Server Component:
    ./src/components/personal/now-strip.tsx
    ./src/app/personal/page.tsx @ http://localhost:3000/_next/static/chunks/node_modules_next_dist_1gdrd03._.js:1945
[    4448ms] [ERROR] ./src/components/personal/now-strip.tsx:44:2
Unterminated regexp literal
  42 |   );
  43 | }
> 44 | </content>
     |  ^^^^^^^^^
  45 | </invoke>

Parsing ecmascript source code failed

Import trace:
  Server Component:
    ./src/components/personal/now-strip.tsx
    ./src/app/personal/page.tsx @ http://localhost:3000/_next/static/chunks/node_modules_next_dist_1gdrd03._.js:1945
[    4512ms] [ERROR] ./src/components/personal/now-strip.tsx:44:1
Expression expected
  42 |   );
  43 | }
> 44 | </content>
     | ^
  45 | </invoke>

Parsing ecmascript source code failed

Import trace:
  Server Component:
    ./src/components/personal/now-strip.tsx
    ./src/app/personal/page.tsx @ http://localhost:3000/_next/static/chunks/node_modules_next_dist_1gdrd03._.js:1945
[    4512ms] [ERROR] ./src/components/personal/now-strip.tsx:44:2
Unterminated regexp literal
  42 |   );
  43 | }
> 44 | </content>
     |  ^^^^^^^^^
  45 | </invoke>

Parsing ecmascript source code failed

Import trace:
  Server Component:
    ./src/components/personal/now-strip.tsx
    ./src/app/personal/page.tsx @ http://localhost:3000/_next/static/chunks/node_modules_next_dist_1gdrd03._.js:1945
[    4574ms] [ERROR] ./src/components/personal/now-strip.tsx:44:1
Expression expected
  42 |   );
  43 | }
> 44 | </content>
     | ^
  45 | </invoke>

Parsing ecmascript source code failed

Import trace:
  Server Component:
    ./src/components/personal/now-strip.tsx
    ./src/app/personal/page.tsx @ http://localhost:3000/_next/static/chunks/node_modules_next_dist_1gdrd03._.js:1945
[    4575ms] [ERROR] ./src/components/personal/now-strip.tsx:44:2
Unterminated regexp literal
  42 |   );
  43 | }
> 44 | </content>
     |  ^^^^^^^^^
  45 | </invoke>

Parsing ecmascript source code failed

Import trace:
  Server Component:
    ./src/components/personal/now-strip.tsx
    ./src/app/personal/page.tsx @ http://localhost:3000/_next/static/chunks/node_modules_next_dist_1gdrd03._.js:1945
[    4638ms] [ERROR] ./src/components/personal/now-strip.tsx:44:1
Expression expected
  42 |   );
  43 | }
> 44 | </content>
     | ^
  45 | </invoke>

Parsing ecmascript source code failed

Import trace:
  Server Component:
    ./src/components/personal/now-strip.tsx
    ./src/app/personal/page.tsx @ http://localhost:3000/_next/static/chunks/node_modules_next_dist_1gdrd03._.js:1945
[    4639ms] [ERROR] ./src/components/personal/now-strip.tsx:44:2
Unterminated regexp literal
  42 |   );
  43 | }
> 44 | </content>
     |  ^^^^^^^^^
  45 | </invoke>

Parsing ecmascript source code failed

Import trace:
  Server Component:
    ./src/components/personal/now-strip.tsx
    ./src/app/personal/page.tsx @ http://localhost:3000/_next/static/chunks/node_modules_next_dist_1gdrd03._.js:1945
[    4700ms] [ERROR] ./src/components/personal/now-strip.tsx:44:1
Expression expected
  42 |   );
  43 | }
> 44 | </content>
     | ^
  45 | </invoke>

Parsing ecmascript source code failed

Import trace:
  Server Component:
    ./src/components/personal/now-strip.tsx
    ./src/app/personal/page.tsx @ http://localhost:3000/_next/static/chunks/node_modules_next_dist_1gdrd03._.js:1945
[    4700ms] [ERROR] ./src/components/personal/now-strip.tsx:44:2
Unterminated regexp literal
  42 |   );
  43 | }
> 44 | </content>
     |  ^^^^^^^^^
  45 | </invoke>

Parsing ecmascript source code failed

Import trace:
  Server Component:
    ./src/components/personal/now-strip.tsx
    ./src/app/personal/page.tsx @ http://localhost:3000/_next/static/chunks/node_modules_next_dist_1gdrd03._.js:1945
[    4762ms] [ERROR] ./src/components/personal/now-strip.tsx:44:1
Expression expected
  42 |   );
  43 | }
> 44 | </content>
     | ^
  45 | </invoke>

Parsing ecmascript source code failed

Import trace:
  Server Component:
    ./src/components/personal/now-strip.tsx
    ./src/app/personal/page.tsx @ http://localhost:3000/_next/static/chunks/node_modules_next_dist_1gdrd03._.js:1945
[    4762ms] [ERROR] ./src/components/personal/now-strip.tsx:44:2
Unterminated regexp literal
  42 |   );
  43 | }
> 44 | </content>
     |  ^^^^^^^^^
  45 | </invoke>

Parsing ecmascript source code failed

Import trace:
  Server Component:
    ./src/components/personal/now-strip.tsx
    ./src/app/personal/page.tsx @ http://localhost:3000/_next/static/chunks/node_modules_next_dist_1gdrd03._.js:1945
[    4826ms] [ERROR] ./src/components/personal/now-strip.tsx:44:1
Expression expected
  42 |   );
  43 | }
> 44 | </content>
     | ^
  45 | </invoke>

Parsing ecmascript source code failed

Import trace:
  Server Component:
    ./src/components/personal/now-strip.tsx
    ./src/app/personal/page.tsx @ http://localhost:3000/_next/static/chunks/node_modules_next_dist_1gdrd03._.js:1945
[    4826ms] [ERROR] ./src/components/personal/now-strip.tsx:44:2
Unterminated regexp literal
  42 |   );
  43 | }
> 44 | </content>
     |  ^^^^^^^^^
  45 | </invoke>

Parsing ecmascript source code failed

Import trace:
  Server Component:
    ./src/components/personal/now-strip.tsx
    ./src/app/personal/page.tsx @ http://localhost:3000/_next/static/chunks/node_modules_next_dist_1gdrd03._.js:1945
[    4887ms] [ERROR] ./src/components/personal/now-strip.tsx:44:1
Expression expected
  42 |   );
  43 | }
> 44 | </content>
     | ^
  45 | </invoke>

Parsing ecmascript source code failed

Import trace:
  Server Component:
    ./src/components/personal/now-strip.tsx
    ./src/app/personal/page.tsx @ http://localhost:3000/_next/static/chunks/node_modules_next_dist_1gdrd03._.js:1945
[    4888ms] [ERROR] ./src/components/personal/now-strip.tsx:44:2
Unterminated regexp literal
  42 |   );
  43 | }
> 44 | </content>
     |  ^^^^^^^^^
  45 | </invoke>

Parsing ecmascript source code failed

Import trace:
  Server Component:
    ./src/components/personal/now-strip.tsx
    ./src/app/personal/page.tsx @ http://localhost:3000/_next/static/chunks/node_modules_next_dist_1gdrd03._.js:1945
[    4951ms] [ERROR] ./src/components/personal/now-strip.tsx:44:1
Expression expected
  42 |   );
  43 | }
> 44 | </content>
     | ^
  45 | </invoke>

Parsing ecmascript source code failed

Import trace:
  Server Component:
    ./src/components/personal/now-strip.tsx
    ./src/app/personal/page.tsx @ http://localhost:3000/_next/static/chunks/node_modules_next_dist_1gdrd03._.js:1945
[    4951ms] [ERROR] ./src/components/personal/now-strip.tsx:44:2
Unterminated regexp literal
  42 |   );
  43 | }
> 44 | </content>
     |  ^^^^^^^^^
  45 | </invoke>

Parsing ecmascript source code failed

Import trace:
  Server Component:
    ./src/components/personal/now-strip.tsx
    ./src/app/personal/page.tsx @ http://localhost:3000/_next/static/chunks/node_modules_next_dist_1gdrd03._.js:1945
[    5014ms] [ERROR] ./src/components/personal/now-strip.tsx:44:1
Expression expected
  42 |   );
  43 | }
> 44 | </content>
     | ^
  45 | </invoke>

Parsing ecmascript source code failed

Import trace:
  Server Component:
    ./src/components/personal/now-strip.tsx
    ./src/app/personal/page.tsx @ http://localhost:3000/_next/static/chunks/node_modules_next_dist_1gdrd03._.js:1945
[    5015ms] [ERROR] ./src/components/personal/now-strip.tsx:44:2
Unterminated regexp literal
  42 |   );
  43 | }
> 44 | </content>
     |  ^^^^^^^^^
  45 | </invoke>

Parsing ecmascript source code failed

Import trace:
  Server Component:
    ./src/components/personal/now-strip.tsx
    ./src/app/personal/page.tsx @ http://localhost:3000/_next/static/chunks/node_modules_next_dist_1gdrd03._.js:1945
[    5076ms] [ERROR] ./src/components/personal/now-strip.tsx:44:1
Expression expected
  42 |   );
  43 | }
> 44 | </content>
     | ^
  45 | </invoke>

Parsing ecmascript source code failed

Import trace:
  Server Component:
    ./src/components/personal/now-strip.tsx
    ./src/app/personal/page.tsx @ http://localhost:3000/_next/static/chunks/node_modules_next_dist_1gdrd03._.js:1945
[    5076ms] [ERROR] ./src/components/personal/now-strip.tsx:44:2
Unterminated regexp literal
  42 |   );
  43 | }
> 44 | </content>
     |  ^^^^^^^^^
  45 | </invoke>

Parsing ecmascript source code failed

Import trace:
  Server Component:
    ./src/components/personal/now-strip.tsx
    ./src/app/personal/page.tsx @ http://localhost:3000/_next/static/chunks/node_modules_next_dist_1gdrd03._.js:1945
[    5137ms] [ERROR] ./src/components/personal/now-strip.tsx:44:1
Expression expected
  42 |   );
  43 | }
> 44 | </content>
     | ^
  45 | </invoke>

Parsing ecmascript source code failed

Import trace:
  Server Component:
    ./src/components/personal/now-strip.tsx
    ./src/app/personal/page.tsx @ http://localhost:3000/_next/static/chunks/node_modules_next_dist_1gdrd03._.js:1945
[    5137ms] [ERROR] ./src/components/personal/now-strip.tsx:44:2
Unterminated regexp literal
  42 |   );
  43 | }
> 44 | </content>
     |  ^^^^^^^^^
  45 | </invoke>

Parsing ecmascript source code failed

Import trace:
  Server Component:
    ./src/components/personal/now-strip.tsx
    ./src/app/personal/page.tsx @ http://localhost:3000/_next/static/chunks/node_modules_next_dist_1gdrd03._.js:1945
[    5199ms] [ERROR] ./src/components/personal/now-strip.tsx:44:1
Expression expected
  42 |   );
  43 | }
> 44 | </content>
     | ^
  45 | </invoke>

Parsing ecmascript source code failed

Import trace:
  Server Component:
    ./src/components/personal/now-strip.tsx
    ./src/app/personal/page.tsx @ http://localhost:3000/_next/static/chunks/node_modules_next_dist_1gdrd03._.js:1945
[    5199ms] [ERROR] ./src/components/personal/now-strip.tsx:44:2
Unterminated regexp literal
  42 |   );
  43 | }
> 44 | </content>
     |  ^^^^^^^^^
  45 | </invoke>

Parsing ecmascript source code failed

Import trace:
  Server Component:
    ./src/components/personal/now-strip.tsx
    ./src/app/personal/page.tsx @ http://localhost:3000/_next/static/chunks/node_modules_next_dist_1gdrd03._.js:1945
[    5261ms] [ERROR] ./src/components/personal/now-strip.tsx:44:1
Expression expected
  42 |   );
  43 | }
> 44 | </content>
     | ^
  45 | </invoke>

Parsing ecmascript source code failed

Import trace:
  Server Component:
    ./src/components/personal/now-strip.tsx
    ./src/app/personal/page.tsx @ http://localhost:3000/_next/static/chunks/node_modules_next_dist_1gdrd03._.js:1945
[    5261ms] [ERROR] ./src/components/personal/now-strip.tsx:44:2
Unterminated regexp literal
  42 |   );
  43 | }
> 44 | </content>
     |  ^^^^^^^^^
  45 | </invoke>

Parsing ecmascript source code failed

Import trace:
  Server Component:
    ./src/components/personal/now-strip.tsx
    ./src/app/personal/page.tsx @ http://localhost:3000/_next/static/chunks/node_modules_next_dist_1gdrd03._.js:1945
[    5324ms] [ERROR] ./src/components/personal/now-strip.tsx:44:1
Expression expected
  42 |   );
  43 | }
> 44 | </content>
     | ^
  45 | </invoke>

Parsing ecmascript source code failed

Import trace:
  Server Component:
    ./src/components/personal/now-strip.tsx
    ./src/app/personal/page.tsx @ http://localhost:3000/_next/static/chunks/node_modules_next_dist_1gdrd03._.js:1945
[    5325ms] [ERROR] ./src/components/personal/now-strip.tsx:44:2
Unterminated regexp literal
  42 |   );
  43 | }
> 44 | </content>
     |  ^^^^^^^^^
  45 | </invoke>

Parsing ecmascript source code failed

Import trace:
  Server Component:
    ./src/components/personal/now-strip.tsx
    ./src/app/personal/page.tsx @ http://localhost:3000/_next/static/chunks/node_modules_next_dist_1gdrd03._.js:1945
[    5386ms] [ERROR] ./src/components/personal/now-strip.tsx:44:1
Expression expected
  42 |   );
  43 | }
> 44 | </content>
     | ^
  45 | </invoke>

Parsing ecmascript source code failed

Import trace:
  Server Component:
    ./src/components/personal/now-strip.tsx
    ./src/app/personal/page.tsx @ http://localhost:3000/_next/static/chunks/node_modules_next_dist_1gdrd03._.js:1945
[    5386ms] [ERROR] ./src/components/personal/now-strip.tsx:44:2
Unterminated regexp literal
  42 |   );
  43 | }
> 44 | </content>
     |  ^^^^^^^^^
  45 | </invoke>

Parsing ecmascript source code failed

Import trace:
  Server Component:
    ./src/components/personal/now-strip.tsx
    ./src/app/personal/page.tsx @ http://localhost:3000/_next/static/chunks/node_modules_next_dist_1gdrd03._.js:1945
[    5448ms] [ERROR] ./src/components/personal/now-strip.tsx:44:1
Expression expected
  42 |   );
  43 | }
> 44 | </content>
     | ^
  45 | </invoke>

Parsing ecmascript source code failed

Import trace:
  Server Component:
    ./src/components/personal/now-strip.tsx
    ./src/app/personal/page.tsx @ http://localhost:3000/_next/static/chunks/node_modules_next_dist_1gdrd03._.js:1945
[    5448ms] [ERROR] ./src/components/personal/now-strip.tsx:44:2
Unterminated regexp literal
  42 |   );
  43 | }
> 44 | </content>
     |  ^^^^^^^^^
  45 | </invoke>

Parsing ecmascript source code failed

Import trace:
  Server Component:
    ./src/components/personal/now-strip.tsx
    ./src/app/personal/page.tsx @ http://localhost:3000/_next/static/chunks/node_modules_next_dist_1gdrd03._.js:1945
[    5510ms] [ERROR] ./src/components/personal/now-strip.tsx:44:1
Expression expected
  42 |   );
  43 | }
> 44 | </content>
     | ^
  45 | </invoke>

Parsing ecmascript source code failed

Import trace:
  Server Component:
    ./src/components/personal/now-strip.tsx
    ./src/app/personal/page.tsx @ http://localhost:3000/_next/static/chunks/node_modules_next_dist_1gdrd03._.js:1945
[    5510ms] [ERROR] ./src/components/personal/now-strip.tsx:44:2
Unterminated regexp literal
  42 |   );
  43 | }
> 44 | </content>
     |  ^^^^^^^^^
  45 | </invoke>

Parsing ecmascript source code failed

Import trace:
  Server Component:
    ./src/components/personal/now-strip.tsx
    ./src/app/personal/page.tsx @ http://localhost:3000/_next/static/chunks/node_modules_next_dist_1gdrd03._.js:1945
[    5573ms] [ERROR] ./src/components/personal/now-strip.tsx:44:1
Expression expected
  42 |   );
  43 | }
> 44 | </content>
     | ^
  45 | </invoke>

Parsing ecmascript source code failed

Import trace:
  Server Component:
    ./src/components/personal/now-strip.tsx
    ./src/app/personal/page.tsx @ http://localhost:3000/_next/static/chunks/node_modules_next_dist_1gdrd03._.js:1945
[    5574ms] [ERROR] ./src/components/personal/now-strip.tsx:44:2
Unterminated regexp literal
  42 |   );
  43 | }
> 44 | </content>
     |  ^^^^^^^^^
  45 | </invoke>

Parsing ecmascript source code failed

Import trace:
  Server Component:
    ./src/components/personal/now-strip.tsx
    ./src/app/personal/page.tsx @ http://localhost:3000/_next/static/chunks/node_modules_next_dist_1gdrd03._.js:1945
[    5634ms] [ERROR] ./src/components/personal/now-strip.tsx:44:1
Expression expected
  42 |   );
  43 | }
> 44 | </content>
     | ^
  45 | </invoke>

Parsing ecmascript source code failed

Import trace:
  Server Component:
    ./src/components/personal/now-strip.tsx
    ./src/app/personal/page.tsx @ http://localhost:3000/_next/static/chunks/node_modules_next_dist_1gdrd03._.js:1945
[    5634ms] [ERROR] ./src/components/personal/now-strip.tsx:44:2
Unterminated regexp literal
  42 |   );
  43 | }
> 44 | </content>
     |  ^^^^^^^^^
  45 | </invoke>

Parsing ecmascript source code failed

Import trace:
  Server Component:
    ./src/components/personal/now-strip.tsx
    ./src/app/personal/page.tsx @ http://localhost:3000/_next/static/chunks/node_modules_next_dist_1gdrd03._.js:1945
[    5696ms] [ERROR] ./src/components/personal/now-strip.tsx:44:1
Expression expected
  42 |   );
  43 | }
> 44 | </content>
     | ^
  45 | </invoke>

Parsing ecmascript source code failed

Import trace:
  Server Component:
    ./src/components/personal/now-strip.tsx
    ./src/app/personal/page.tsx @ http://localhost:3000/_next/static/chunks/node_modules_next_dist_1gdrd03._.js:1945
[    5697ms] [ERROR] ./src/components/personal/now-strip.tsx:44:2
Unterminated regexp literal
  42 |   );
  43 | }
> 44 | </content>
     |  ^^^^^^^^^
  45 | </invoke>

Parsing ecmascript source code failed

Import trace:
  Server Component:
    ./src/components/personal/now-strip.tsx
    ./src/app/personal/page.tsx @ http://localhost:3000/_next/static/chunks/node_modules_next_dist_1gdrd03._.js:1945
[    5757ms] [ERROR] ./src/components/personal/now-strip.tsx:44:1
Expression expected
  42 |   );
  43 | }
> 44 | </content>
     | ^
  45 | </invoke>

Parsing ecmascript source code failed

Import trace:
  Server Component:
    ./src/components/personal/now-strip.tsx
    ./src/app/personal/page.tsx @ http://localhost:3000/_next/static/chunks/node_modules_next_dist_1gdrd03._.js:1945
[    5758ms] [ERROR] ./src/components/personal/now-strip.tsx:44:2
Unterminated regexp literal
  42 |   );
  43 | }
> 44 | </content>
     |  ^^^^^^^^^
  45 | </invoke>

Parsing ecmascript source code failed

Import trace:
  Server Component:
    ./src/components/personal/now-strip.tsx
    ./src/app/personal/page.tsx @ http://localhost:3000/_next/static/chunks/node_modules_next_dist_1gdrd03._.js:1945
[    5819ms] [ERROR] ./src/components/personal/now-strip.tsx:44:1
Expression expected
  42 |   );
  43 | }
> 44 | </content>
     | ^
  45 | </invoke>

Parsing ecmascript source code failed

Import trace:
  Server Component:
    ./src/components/personal/now-strip.tsx
    ./src/app/personal/page.tsx @ http://localhost:3000/_next/static/chunks/node_modules_next_dist_1gdrd03._.js:1945
[    5820ms] [ERROR] ./src/components/personal/now-strip.tsx:44:2
Unterminated regexp literal
  42 |   );
  43 | }
> 44 | </content>
     |  ^^^^^^^^^
  45 | </invoke>

Parsing ecmascript source code failed

Import trace:
  Server Component:
    ./src/components/personal/now-strip.tsx
    ./src/app/personal/page.tsx @ http://localhost:3000/_next/static/chunks/node_modules_next_dist_1gdrd03._.js:1945
[    5881ms] [ERROR] ./src/components/personal/now-strip.tsx:44:1
Expression expected
  42 |   );
  43 | }
> 44 | </content>
     | ^
  45 | </invoke>

Parsing ecmascript source code failed

Import trace:
  Server Component:
    ./src/components/personal/now-strip.tsx
    ./src/app/personal/page.tsx @ http://localhost:3000/_next/static/chunks/node_modules_next_dist_1gdrd03._.js:1945
[    5882ms] [ERROR] ./src/components/personal/now-strip.tsx:44:2
Unterminated regexp literal
  42 |   );
  43 | }
> 44 | </content>
     |  ^^^^^^^^^
  45 | </invoke>

Parsing ecmascript source code failed

Import trace:
  Server Component:
    ./src/components/personal/now-strip.tsx
    ./src/app/personal/page.tsx @ http://localhost:3000/_next/static/chunks/node_modules_next_dist_1gdrd03._.js:1945
[    5943ms] [ERROR] ./src/components/personal/now-strip.tsx:44:1
Expression expected
  42 |   );
  43 | }
> 44 | </content>
     | ^
  45 | </invoke>

Parsing ecmascript source code failed

Import trace:
  Server Component:
    ./src/components/personal/now-strip.tsx
    ./src/app/personal/page.tsx @ http://localhost:3000/_next/static/chunks/node_modules_next_dist_1gdrd03._.js:1945
[    5944ms] [ERROR] ./src/components/personal/now-strip.tsx:44:2
Unterminated regexp literal
  42 |   );
  43 | }
> 44 | </content>
     |  ^^^^^^^^^
  45 | </invoke>

Parsing ecmascript source code failed

Import trace:
  Server Component:
    ./src/components/personal/now-strip.tsx
    ./src/app/personal/page.tsx @ http://localhost:3000/_next/static/chunks/node_modules_next_dist_1gdrd03._.js:1945
[    6005ms] [ERROR] ./src/components/personal/now-strip.tsx:44:1
Expression expected
  42 |   );
  43 | }
> 44 | </content>
     | ^
  45 | </invoke>

Parsing ecmascript source code failed

Import trace:
  Server Component:
    ./src/components/personal/now-strip.tsx
    ./src/app/personal/page.tsx @ http://localhost:3000/_next/static/chunks/node_modules_next_dist_1gdrd03._.js:1945
[    6005ms] [ERROR] ./src/components/personal/now-strip.tsx:44:2
Unterminated regexp literal
  42 |   );
  43 | }
> 44 | </content>
     |  ^^^^^^^^^
  45 | </invoke>

Parsing ecmascript source code failed

Import trace:
  Server Component:
    ./src/components/personal/now-strip.tsx
    ./src/app/personal/page.tsx @ http://localhost:3000/_next/static/chunks/node_modules_next_dist_1gdrd03._.js:1945
[    6067ms] [ERROR] ./src/components/personal/now-strip.tsx:44:1
Expression expected
  42 |   );
  43 | }
> 44 | </content>
     | ^
  45 | </invoke>

Parsing ecmascript source code failed

Import trace:
  Server Component:
    ./src/components/personal/now-strip.tsx
    ./src/app/personal/page.tsx @ http://localhost:3000/_next/static/chunks/node_modules_next_dist_1gdrd03._.js:1945
[    6067ms] [ERROR] ./src/components/personal/now-strip.tsx:44:2
Unterminated regexp literal
  42 |   );
  43 | }
> 44 | </content>
     |  ^^^^^^^^^
  45 | </invoke>

Parsing ecmascript source code failed

Import trace:
  Server Component:
    ./src/components/personal/now-strip.tsx
    ./src/app/personal/page.tsx @ http://localhost:3000/_next/static/chunks/node_modules_next_dist_1gdrd03._.js:1945
[    6128ms] [ERROR] ./src/components/personal/now-strip.tsx:44:1
Expression expected
  42 |   );
  43 | }
> 44 | </content>
     | ^
  45 | </invoke>

Parsing ecmascript source code failed

Import trace:
  Server Component:
    ./src/components/personal/now-strip.tsx
    ./src/app/personal/page.tsx @ http://localhost:3000/_next/static/chunks/node_modules_next_dist_1gdrd03._.js:1945
[    6129ms] [ERROR] ./src/components/personal/now-strip.tsx:44:2
Unterminated regexp literal
  42 |   );
  43 | }
> 44 | </content>
     |  ^^^^^^^^^
  45 | </invoke>

Parsing ecmascript source code failed

Import trace:
  Server Component:
    ./src/components/personal/now-strip.tsx
    ./src/app/personal/page.tsx @ http://localhost:3000/_next/static/chunks/node_modules_next_dist_1gdrd03._.js:1945
[    6191ms] [ERROR] ./src/components/personal/now-strip.tsx:44:1
Expression expected
  42 |   );
  43 | }
> 44 | </content>
     | ^
  45 | </invoke>

Parsing ecmascript source code failed

Import trace:
  Server Component:
    ./src/components/personal/now-strip.tsx
    ./src/app/personal/page.tsx @ http://localhost:3000/_next/static/chunks/node_modules_next_dist_1gdrd03._.js:1945
[    6191ms] [ERROR] ./src/components/personal/now-strip.tsx:44:2
Unterminated regexp literal
  42 |   );
  43 | }
> 44 | </content>
     |  ^^^^^^^^^
  45 | </invoke>

Parsing ecmascript source code failed

Import trace:
  Server Component:
    ./src/components/personal/now-strip.tsx
    ./src/app/personal/page.tsx @ http://localhost:3000/_next/static/chunks/node_modules_next_dist_1gdrd03._.js:1945
[    6254ms] [ERROR] ./src/components/personal/now-strip.tsx:44:1
Expression expected
  42 |   );
  43 | }
> 44 | </content>
     | ^
  45 | </invoke>

Parsing ecmascript source code failed

Import trace:
  Server Component:
    ./src/components/personal/now-strip.tsx
    ./src/app/personal/page.tsx @ http://localhost:3000/_next/static/chunks/node_modules_next_dist_1gdrd03._.js:1945
[    6254ms] [ERROR] ./src/components/personal/now-strip.tsx:44:2
Unterminated regexp literal
  42 |   );
  43 | }
> 44 | </content>
     |  ^^^^^^^^^
  45 | </invoke>

Parsing ecmascript source code failed

Import trace:
  Server Component:
    ./src/components/personal/now-strip.tsx
    ./src/app/personal/page.tsx @ http://localhost:3000/_next/static/chunks/node_modules_next_dist_1gdrd03._.js:1945
[    6318ms] [ERROR] ./src/components/personal/now-strip.tsx:44:1
Expression expected
  42 |   );
  43 | }
> 44 | </content>
     | ^
  45 | </invoke>

Parsing ecmascript source code failed

Import trace:
  Server Component:
    ./src/components/personal/now-strip.tsx
    ./src/app/personal/page.tsx @ http://localhost:3000/_next/static/chunks/node_modules_next_dist_1gdrd03._.js:1945
[    6319ms] [ERROR] ./src/components/personal/now-strip.tsx:44:2
Unterminated regexp literal
  42 |   );
  43 | }
> 44 | </content>
     |  ^^^^^^^^^
  45 | </invoke>

Parsing ecmascript source code failed

Import trace:
  Server Component:
    ./src/components/personal/now-strip.tsx
    ./src/app/personal/page.tsx @ http://localhost:3000/_next/static/chunks/node_modules_next_dist_1gdrd03._.js:1945
[    6379ms] [ERROR] ./src/components/personal/now-strip.tsx:44:1
Expression expected
  42 |   );
  43 | }
> 44 | </content>
     | ^
  45 | </invoke>

Parsing ecmascript source code failed

Import trace:
  Server Component:
    ./src/components/personal/now-strip.tsx
    ./src/app/personal/page.tsx @ http://localhost:3000/_next/static/chunks/node_modules_next_dist_1gdrd03._.js:1945
[    6379ms] [ERROR] ./src/components/personal/now-strip.tsx:44:2
Unterminated regexp literal
  42 |   );
  43 | }
> 44 | </content>
     |  ^^^^^^^^^
  45 | </invoke>

Parsing ecmascript source code failed

Import trace:
  Server Component:
    ./src/components/personal/now-strip.tsx
    ./src/app/personal/page.tsx @ http://localhost:3000/_next/static/chunks/node_modules_next_dist_1gdrd03._.js:1945
[    6441ms] [ERROR] ./src/components/personal/now-strip.tsx:44:1
Expression expected
  42 |   );
  43 | }
> 44 | </content>
     | ^
  45 | </invoke>

Parsing ecmascript source code failed

Import trace:
  Server Component:
    ./src/components/personal/now-strip.tsx
    ./src/app/personal/page.tsx @ http://localhost:3000/_next/static/chunks/node_modules_next_dist_1gdrd03._.js:1945
[    6442ms] [ERROR] ./src/components/personal/now-strip.tsx:44:2
Unterminated regexp literal
  42 |   );
  43 | }
> 44 | </content>
     |  ^^^^^^^^^
  45 | </invoke>

Parsing ecmascript source code failed

Import trace:
  Server Component:
    ./src/components/personal/now-strip.tsx
    ./src/app/personal/page.tsx @ http://localhost:3000/_next/static/chunks/node_modules_next_dist_1gdrd03._.js:1945
[    6504ms] [ERROR] ./src/components/personal/now-strip.tsx:44:1
Expression expected
  42 |   );
  43 | }
> 44 | </content>
     | ^
  45 | </invoke>

Parsing ecmascript source code failed

Import trace:
  Server Component:
    ./src/components/personal/now-strip.tsx
    ./src/app/personal/page.tsx @ http://localhost:3000/_next/static/chunks/node_modules_next_dist_1gdrd03._.js:1945
[    6504ms] [ERROR] ./src/components/personal/now-strip.tsx:44:2
Unterminated regexp literal
  42 |   );
  43 | }
> 44 | </content>
     |  ^^^^^^^^^
  45 | </invoke>

Parsing ecmascript source code failed

Import trace:
  Server Component:
    ./src/components/personal/now-strip.tsx
    ./src/app/personal/page.tsx @ http://localhost:3000/_next/static/chunks/node_modules_next_dist_1gdrd03._.js:1945
[    6566ms] [ERROR] ./src/components/personal/now-strip.tsx:44:1
Expression expected
  42 |   );
  43 | }
> 44 | </content>
     | ^
  45 | </invoke>

Parsing ecmascript source code failed

Import trace:
  Server Component:
    ./src/components/personal/now-strip.tsx
    ./src/app/personal/page.tsx @ http://localhost:3000/_next/static/chunks/node_modules_next_dist_1gdrd03._.js:1945
[    6567ms] [ERROR] ./src/components/personal/now-strip.tsx:44:2
Unterminated regexp literal
  42 |   );
  43 | }
> 44 | </content>
     |  ^^^^^^^^^
  45 | </invoke>

Parsing ecmascript source code failed

Import trace:
  Server Component:
    ./src/components/personal/now-strip.tsx
    ./src/app/personal/page.tsx @ http://localhost:3000/_next/static/chunks/node_modules_next_dist_1gdrd03._.js:1945
[    6629ms] [ERROR] ./src/components/personal/now-strip.tsx:44:1
Expression expected
  42 |   );
  43 | }
> 44 | </content>
     | ^
  45 | </invoke>

Parsing ecmascript source code failed

Import trace:
  Server Component:
    ./src/components/personal/now-strip.tsx
    ./src/app/personal/page.tsx @ http://localhost:3000/_next/static/chunks/node_modules_next_dist_1gdrd03._.js:1945
[    6629ms] [ERROR] ./src/components/personal/now-strip.tsx:44:2
Unterminated regexp literal
  42 |   );
  43 | }
> 44 | </content>
     |  ^^^^^^^^^
  45 | </invoke>

Parsing ecmascript source code failed

Import trace:
  Server Component:
    ./src/components/personal/now-strip.tsx
    ./src/app/personal/page.tsx @ http://localhost:3000/_next/static/chunks/node_modules_next_dist_1gdrd03._.js:1945
[    6694ms] [ERROR] ./src/components/personal/now-strip.tsx:44:1
Expression expected
  42 |   );
  43 | }
> 44 | </content>
     | ^
  45 | </invoke>

Parsing ecmascript source code failed

Import trace:
  Server Component:
    ./src/components/personal/now-strip.tsx
    ./src/app/personal/page.tsx @ http://localhost:3000/_next/static/chunks/node_modules_next_dist_1gdrd03._.js:1945
[    6695ms] [ERROR] ./src/components/personal/now-strip.tsx:44:2
Unterminated regexp literal
  42 |   );
  43 | }
> 44 | </content>
     |  ^^^^^^^^^
  45 | </invoke>

Parsing ecmascript source code failed

Import trace:
  Server Component:
    ./src/components/personal/now-strip.tsx
    ./src/app/personal/page.tsx @ http://localhost:3000/_next/static/chunks/node_modules_next_dist_1gdrd03._.js:1945
[    6756ms] [ERROR] ./src/components/personal/now-strip.tsx:44:1
Expression expected
  42 |   );
  43 | }
> 44 | </content>
     | ^
  45 | </invoke>

Parsing ecmascript source code failed

Import trace:
  Server Component:
    ./src/components/personal/now-strip.tsx
    ./src/app/personal/page.tsx @ http://localhost:3000/_next/static/chunks/node_modules_next_dist_1gdrd03._.js:1945
[    6756ms] [ERROR] ./src/components/personal/now-strip.tsx:44:2
Unterminated regexp literal
  42 |   );
  43 | }
> 44 | </content>
     |  ^^^^^^^^^
  45 | </invoke>

Parsing ecmascript source code failed

Import trace:
  Server Component:
    ./src/components/personal/now-strip.tsx
    ./src/app/personal/page.tsx @ http://localhost:3000/_next/static/chunks/node_modules_next_dist_1gdrd03._.js:1945
[    6819ms] [ERROR] ./src/components/personal/now-strip.tsx:44:1
Expression expected
  42 |   );
  43 | }
> 44 | </content>
     | ^
  45 | </invoke>

Parsing ecmascript source code failed

Import trace:
  Server Component:
    ./src/components/personal/now-strip.tsx
    ./src/app/personal/page.tsx @ http://localhost:3000/_next/static/chunks/node_modules_next_dist_1gdrd03._.js:1945
[    6819ms] [ERROR] ./src/components/personal/now-strip.tsx:44:2
Unterminated regexp literal
  42 |   );
  43 | }
> 44 | </content>
     |  ^^^^^^^^^
  45 | </invoke>

Parsing ecmascript source code failed

Import trace:
  Server Component:
    ./src/components/personal/now-strip.tsx
    ./src/app/personal/page.tsx @ http://localhost:3000/_next/static/chunks/node_modules_next_dist_1gdrd03._.js:1945
[    6882ms] [ERROR] ./src/components/personal/now-strip.tsx:44:1
Expression expected
  42 |   );
  43 | }
> 44 | </content>
     | ^
  45 | </invoke>

Parsing ecmascript source code failed

Import trace:
  Server Component:
    ./src/components/personal/now-strip.tsx
    ./src/app/personal/page.tsx @ http://localhost:3000/_next/static/chunks/node_modules_next_dist_1gdrd03._.js:1945
[    6882ms] [ERROR] ./src/components/personal/now-strip.tsx:44:2
Unterminated regexp literal
  42 |   );
  43 | }
> 44 | </content>
     |  ^^^^^^^^^
  45 | </invoke>

Parsing ecmascript source code failed

Import trace:
  Server Component:
    ./src/components/personal/now-strip.tsx
    ./src/app/personal/page.tsx @ http://localhost:3000/_next/static/chunks/node_modules_next_dist_1gdrd03._.js:1945
[    6944ms] [ERROR] ./src/components/personal/now-strip.tsx:44:1
Expression expected
  42 |   );
  43 | }
> 44 | </content>
     | ^
  45 | </invoke>

Parsing ecmascript source code failed

Import trace:
  Server Component:
    ./src/components/personal/now-strip.tsx
    ./src/app/personal/page.tsx @ http://localhost:3000/_next/static/chunks/node_modules_next_dist_1gdrd03._.js:1945
[    6944ms] [ERROR] ./src/components/personal/now-strip.tsx:44:2
Unterminated regexp literal
  42 |   );
  43 | }
> 44 | </content>
     |  ^^^^^^^^^
  45 | </invoke>

Parsing ecmascript source code failed

Import trace:
  Server Component:
    ./src/components/personal/now-strip.tsx
    ./src/app/personal/page.tsx @ http://localhost:3000/_next/static/chunks/node_modules_next_dist_1gdrd03._.js:1945
[    7006ms] [ERROR] ./src/components/personal/now-strip.tsx:44:1
Expression expected
  42 |   );
  43 | }
> 44 | </content>
     | ^
  45 | </invoke>

Parsing ecmascript source code failed

Import trace:
  Server Component:
    ./src/components/personal/now-strip.tsx
    ./src/app/personal/page.tsx @ http://localhost:3000/_next/static/chunks/node_modules_next_dist_1gdrd03._.js:1945
[    7006ms] [ERROR] ./src/components/personal/now-strip.tsx:44:2
Unterminated regexp literal
  42 |   );
  43 | }
> 44 | </content>
     |  ^^^^^^^^^
  45 | </invoke>

Parsing ecmascript source code failed

Import trace:
  Server Component:
    ./src/components/personal/now-strip.tsx
    ./src/app/personal/page.tsx @ http://localhost:3000/_next/static/chunks/node_modules_next_dist_1gdrd03._.js:1945
[    7067ms] [ERROR] ./src/components/personal/now-strip.tsx:44:1
Expression expected
  42 |   );
  43 | }
> 44 | </content>
     | ^
  45 | </invoke>

Parsing ecmascript source code failed

Import trace:
  Server Component:
    ./src/components/personal/now-strip.tsx
    ./src/app/personal/page.tsx @ http://localhost:3000/_next/static/chunks/node_modules_next_dist_1gdrd03._.js:1945
[    7067ms] [ERROR] ./src/components/personal/now-strip.tsx:44:2
Unterminated regexp literal
  42 |   );
  43 | }
> 44 | </content>
     |  ^^^^^^^^^
  45 | </invoke>

Parsing ecmascript source code failed

Import trace:
  Server Component:
    ./src/components/personal/now-strip.tsx
    ./src/app/personal/page.tsx @ http://localhost:3000/_next/static/chunks/node_modules_next_dist_1gdrd03._.js:1945
[    7130ms] [ERROR] ./src/components/personal/now-strip.tsx:44:1
Expression expected
  42 |   );
  43 | }
> 44 | </content>
     | ^
  45 | </invoke>

Parsing ecmascript source code failed

Import trace:
  Server Component:
    ./src/components/personal/now-strip.tsx
    ./src/app/personal/page.tsx @ http://localhost:3000/_next/static/chunks/node_modules_next_dist_1gdrd03._.js:1945
[    7130ms] [ERROR] ./src/components/personal/now-strip.tsx:44:2
Unterminated regexp literal
  42 |   );
  43 | }
> 44 | </content>
     |  ^^^^^^^^^
  45 | </invoke>

Parsing ecmascript source code failed

Import trace:
  Server Component:
    ./src/components/personal/now-strip.tsx
    ./src/app/personal/page.tsx @ http://localhost:3000/_next/static/chunks/node_modules_next_dist_1gdrd03._.js:1945
[    7194ms] [ERROR] ./src/components/personal/now-strip.tsx:44:1
Expression expected
  42 |   );
  43 | }
> 44 | </content>
     | ^
  45 | </invoke>

Parsing ecmascript source code failed

Import trace:
  Server Component:
    ./src/components/personal/now-strip.tsx
    ./src/app/personal/page.tsx @ http://localhost:3000/_next/static/chunks/node_modules_next_dist_1gdrd03._.js:1945
[    7194ms] [ERROR] ./src/components/personal/now-strip.tsx:44:2
Unterminated regexp literal
  42 |   );
  43 | }
> 44 | </content>
     |  ^^^^^^^^^
  45 | </invoke>

Parsing ecmascript source code failed

Import trace:
  Server Component:
    ./src/components/personal/now-strip.tsx
    ./src/app/personal/page.tsx @ http://localhost:3000/_next/static/chunks/node_modules_next_dist_1gdrd03._.js:1945
[    7256ms] [ERROR] ./src/components/personal/now-strip.tsx:44:1
Expression expected
  42 |   );
  43 | }
> 44 | </content>
     | ^
  45 | </invoke>

Parsing ecmascript source code failed

Import trace:
  Server Component:
    ./src/components/personal/now-strip.tsx
    ./src/app/personal/page.tsx @ http://localhost:3000/_next/static/chunks/node_modules_next_dist_1gdrd03._.js:1945
[    7256ms] [ERROR] ./src/components/personal/now-strip.tsx:44:2
Unterminated regexp literal
  42 |   );
  43 | }
> 44 | </content>
     |  ^^^^^^^^^
  45 | </invoke>

Parsing ecmascript source code failed

Import trace:
  Server Component:
    ./src/components/personal/now-strip.tsx
    ./src/app/personal/page.tsx @ http://localhost:3000/_next/static/chunks/node_modules_next_dist_1gdrd03._.js:1945
[    7318ms] [ERROR] ./src/components/personal/now-strip.tsx:44:1
Expression expected
  42 |   );
  43 | }
> 44 | </content>
     | ^
  45 | </invoke>

Parsing ecmascript source code failed

Import trace:
  Server Component:
    ./src/components/personal/now-strip.tsx
    ./src/app/personal/page.tsx @ http://localhost:3000/_next/static/chunks/node_modules_next_dist_1gdrd03._.js:1945
[    7318ms] [ERROR] ./src/components/personal/now-strip.tsx:44:2
Unterminated regexp literal
  42 |   );
  43 | }
> 44 | </content>
     |  ^^^^^^^^^
  45 | </invoke>

Parsing ecmascript source code failed

Import trace:
  Server Component:
    ./src/components/personal/now-strip.tsx
    ./src/app/personal/page.tsx @ http://localhost:3000/_next/static/chunks/node_modules_next_dist_1gdrd03._.js:1945
[    7380ms] [ERROR] ./src/components/personal/now-strip.tsx:44:1
Expression expected
  42 |   );
  43 | }
> 44 | </content>
     | ^
  45 | </invoke>

Parsing ecmascript source code failed

Import trace:
  Server Component:
    ./src/components/personal/now-strip.tsx
    ./src/app/personal/page.tsx @ http://localhost:3000/_next/static/chunks/node_modules_next_dist_1gdrd03._.js:1945
[    7381ms] [ERROR] ./src/components/personal/now-strip.tsx:44:2
Unterminated regexp literal
  42 |   );
  43 | }
> 44 | </content>
     |  ^^^^^^^^^
  45 | </invoke>

Parsing ecmascript source code failed

Import trace:
  Server Component:
    ./src/components/personal/now-strip.tsx
    ./src/app/personal/page.tsx @ http://localhost:3000/_next/static/chunks/node_modules_next_dist_1gdrd03._.js:1945
[    7442ms] [ERROR] ./src/components/personal/now-strip.tsx:44:1
Expression expected
  42 |   );
  43 | }
> 44 | </content>
     | ^
  45 | </invoke>

Parsing ecmascript source code failed

Import trace:
  Server Component:
    ./src/components/personal/now-strip.tsx
    ./src/app/personal/page.tsx @ http://localhost:3000/_next/static/chunks/node_modules_next_dist_1gdrd03._.js:1945
[    7442ms] [ERROR] ./src/components/personal/now-strip.tsx:44:2
Unterminated regexp literal
  42 |   );
  43 | }
> 44 | </content>
     |  ^^^^^^^^^
  45 | </invoke>

Parsing ecmascript source code failed

Import trace:
  Server Component:
    ./src/components/personal/now-strip.tsx
    ./src/app/personal/page.tsx @ http://localhost:3000/_next/static/chunks/node_modules_next_dist_1gdrd03._.js:1945
[    7570ms] [LOG] [Fast Refresh] rebuilding @ http://localhost:3000/_next/static/chunks/node_modules_next_dist_1gdrd03._.js:1226
[    7589ms] [ERROR] ./src/components/personal/now-strip.tsx:44:1
Expression expected
  42 |   );
  43 | }
> 44 | </content>
     | ^
  45 | </invoke>

Parsing ecmascript source code failed

Import trace:
  Server Component:
    ./src/components/personal/now-strip.tsx
    ./src/app/personal/page.tsx @ http://localhost:3000/_next/static/chunks/node_modules_next_dist_1gdrd03._.js:1945
[    7594ms] [ERROR] ./src/components/personal/now-strip.tsx:44:2
Unterminated regexp literal
  42 |   );
  43 | }
> 44 | </content>
     |  ^^^^^^^^^
  45 | </invoke>

Parsing ecmascript source code failed

Import trace:
  Server Component:
    ./src/components/personal/now-strip.tsx
    ./src/app/personal/page.tsx @ http://localhost:3000/_next/static/chunks/node_modules_next_dist_1gdrd03._.js:1945
[    7739ms] [ERROR] ./src/components/personal/now-strip.tsx:44:1
Expression expected
  42 |   );
  43 | }
> 44 | </content>
     | ^
  45 | </invoke>

Parsing ecmascript source code failed

Import trace:
  Server Component:
    ./src/components/personal/now-strip.tsx
    ./src/app/personal/page.tsx @ http://localhost:3000/_next/static/chunks/node_modules_next_dist_1gdrd03._.js:1945
[    7739ms] [ERROR] ./src/components/personal/now-strip.tsx:44:2
Unterminated regexp literal
  42 |   );
  43 | }
> 44 | </content>
     |  ^^^^^^^^^
  45 | </invoke>

Parsing ecmascript source code failed

Import trace:
  Server Component:
    ./src/components/personal/now-strip.tsx
    ./src/app/personal/page.tsx @ http://localhost:3000/_next/static/chunks/node_modules_next_dist_1gdrd03._.js:1945
[    7801ms] [ERROR] ./src/components/personal/now-strip.tsx:44:1
Expression expected
  42 |   );
  43 | }
> 44 | </content>
     | ^
  45 | </invoke>

Parsing ecmascript source code failed

Import trace:
  Server Component:
    ./src/components/personal/now-strip.tsx
    ./src/app/personal/page.tsx @ http://localhost:3000/_next/static/chunks/node_modules_next_dist_1gdrd03._.js:1945
[    7801ms] [ERROR] ./src/components/personal/now-strip.tsx:44:2
Unterminated regexp literal
  42 |   );
  43 | }
> 44 | </content>
     |  ^^^^^^^^^
  45 | </invoke>

Parsing ecmascript source code failed

Import trace:
  Server Component:
    ./src/components/personal/now-strip.tsx
    ./src/app/personal/page.tsx @ http://localhost:3000/_next/static/chunks/node_modules_next_dist_1gdrd03._.js:1945
[    7861ms] [ERROR] ./src/components/personal/now-strip.tsx:44:1
Expression expected
  42 |   );
  43 | }
> 44 | </content>
     | ^
  45 | </invoke>

Parsing ecmascript source code failed

Import trace:
  Server Component:
    ./src/components/personal/now-strip.tsx
    ./src/app/personal/page.tsx @ http://localhost:3000/_next/static/chunks/node_modules_next_dist_1gdrd03._.js:1945
[    7861ms] [ERROR] ./src/components/personal/now-strip.tsx:44:2
Unterminated regexp literal
  42 |   );
  43 | }
> 44 | </content>
     |  ^^^^^^^^^
  45 | </invoke>

Parsing ecmascript source code failed

Import trace:
  Server Component:
    ./src/components/personal/now-strip.tsx
    ./src/app/personal/page.tsx @ http://localhost:3000/_next/static/chunks/node_modules_next_dist_1gdrd03._.js:1945
[    7925ms] [ERROR] ./src/components/personal/now-strip.tsx:44:1
Expression expected
  42 |   );
  43 | }
> 44 | </content>
     | ^
  45 | </invoke>

Parsing ecmascript source code failed

Import trace:
  Server Component:
    ./src/components/personal/now-strip.tsx
    ./src/app/personal/page.tsx @ http://localhost:3000/_next/static/chunks/node_modules_next_dist_1gdrd03._.js:1945
[    7925ms] [ERROR] ./src/components/personal/now-strip.tsx:44:2
Unterminated regexp literal
  42 |   );
  43 | }
> 44 | </content>
     |  ^^^^^^^^^
  45 | </invoke>

Parsing ecmascript source code failed

Import trace:
  Server Component:
    ./src/components/personal/now-strip.tsx
    ./src/app/personal/page.tsx @ http://localhost:3000/_next/static/chunks/node_modules_next_dist_1gdrd03._.js:1945
[    7987ms] [ERROR] ./src/components/personal/now-strip.tsx:44:1
Expression expected
  42 |   );
  43 | }
> 44 | </content>
     | ^
  45 | </invoke>

Parsing ecmascript source code failed

Import trace:
  Server Component:
    ./src/components/personal/now-strip.tsx
    ./src/app/personal/page.tsx @ http://localhost:3000/_next/static/chunks/node_modules_next_dist_1gdrd03._.js:1945
[    7988ms] [ERROR] ./src/components/personal/now-strip.tsx:44:2
Unterminated regexp literal
  42 |   );
  43 | }
> 44 | </content>
     |  ^^^^^^^^^
  45 | </invoke>

Parsing ecmascript source code failed

Import trace:
  Server Component:
    ./src/components/personal/now-strip.tsx
    ./src/app/personal/page.tsx @ http://localhost:3000/_next/static/chunks/node_modules_next_dist_1gdrd03._.js:1945
[    8048ms] [ERROR] ./src/components/personal/now-strip.tsx:44:1
Expression expected
  42 |   );
  43 | }
> 44 | </content>
     | ^
  45 | </invoke>

Parsing ecmascript source code failed

Import trace:
  Server Component:
    ./src/components/personal/now-strip.tsx
    ./src/app/personal/page.tsx @ http://localhost:3000/_next/static/chunks/node_modules_next_dist_1gdrd03._.js:1945
[    8048ms] [ERROR] ./src/components/personal/now-strip.tsx:44:2
Unterminated regexp literal
  42 |   );
  43 | }
> 44 | </content>
     |  ^^^^^^^^^
  45 | </invoke>

Parsing ecmascript source code failed

Import trace:
  Server Component:
    ./src/components/personal/now-strip.tsx
    ./src/app/personal/page.tsx @ http://localhost:3000/_next/static/chunks/node_modules_next_dist_1gdrd03._.js:1945
[    8110ms] [ERROR] ./src/components/personal/now-strip.tsx:44:1
Expression expected
  42 |   );
  43 | }
> 44 | </content>
     | ^
  45 | </invoke>

Parsing ecmascript source code failed

Import trace:
  Server Component:
    ./src/components/personal/now-strip.tsx
    ./src/app/personal/page.tsx @ http://localhost:3000/_next/static/chunks/node_modules_next_dist_1gdrd03._.js:1945
[    8112ms] [ERROR] ./src/components/personal/now-strip.tsx:44:2
Unterminated regexp literal
  42 |   );
  43 | }
> 44 | </content>
     |  ^^^^^^^^^
  45 | </invoke>

Parsing ecmascript source code failed

Import trace:
  Server Component:
    ./src/components/personal/now-strip.tsx
    ./src/app/personal/page.tsx @ http://localhost:3000/_next/static/chunks/node_modules_next_dist_1gdrd03._.js:1945
[    8171ms] [ERROR] ./src/components/personal/now-strip.tsx:44:1
Expression expected
  42 |   );
  43 | }
> 44 | </content>
     | ^
  45 | </invoke>

Parsing ecmascript source code failed

Import trace:
  Server Component:
    ./src/components/personal/now-strip.tsx
    ./src/app/personal/page.tsx @ http://localhost:3000/_next/static/chunks/node_modules_next_dist_1gdrd03._.js:1945
[    8171ms] [ERROR] ./src/components/personal/now-strip.tsx:44:2
Unterminated regexp literal
  42 |   );
  43 | }
> 44 | </content>
     |  ^^^^^^^^^
  45 | </invoke>

Parsing ecmascript source code failed

Import trace:
  Server Component:
    ./src/components/personal/now-strip.tsx
    ./src/app/personal/page.tsx @ http://localhost:3000/_next/static/chunks/node_modules_next_dist_1gdrd03._.js:1945
[    8234ms] [ERROR] ./src/components/personal/now-strip.tsx:44:1
Expression expected
  42 |   );
  43 | }
> 44 | </content>
     | ^
  45 | </invoke>

Parsing ecmascript source code failed

Import trace:
  Server Component:
    ./src/components/personal/now-strip.tsx
    ./src/app/personal/page.tsx @ http://localhost:3000/_next/static/chunks/node_modules_next_dist_1gdrd03._.js:1945
[    8235ms] [ERROR] ./src/components/personal/now-strip.tsx:44:2
Unterminated regexp literal
  42 |   );
  43 | }
> 44 | </content>
     |  ^^^^^^^^^
  45 | </invoke>

Parsing ecmascript source code failed

Import trace:
  Server Component:
    ./src/components/personal/now-strip.tsx
    ./src/app/personal/page.tsx @ http://localhost:3000/_next/static/chunks/node_modules_next_dist_1gdrd03._.js:1945
[    8297ms] [ERROR] ./src/components/personal/now-strip.tsx:44:1
Expression expected
  42 |   );
  43 | }
> 44 | </content>
     | ^
  45 | </invoke>

Parsing ecmascript source code failed

Import trace:
  Server Component:
    ./src/components/personal/now-strip.tsx
    ./src/app/personal/page.tsx @ http://localhost:3000/_next/static/chunks/node_modules_next_dist_1gdrd03._.js:1945
[    8297ms] [ERROR] ./src/components/personal/now-strip.tsx:44:2
Unterminated regexp literal
  42 |   );
  43 | }
> 44 | </content>
     |  ^^^^^^^^^
  45 | </invoke>

Parsing ecmascript source code failed

Import trace:
  Server Component:
    ./src/components/personal/now-strip.tsx
    ./src/app/personal/page.tsx @ http://localhost:3000/_next/static/chunks/node_modules_next_dist_1gdrd03._.js:1945
[    8360ms] [ERROR] ./src/components/personal/now-strip.tsx:44:1
Expression expected
  42 |   );
  43 | }
> 44 | </content>
     | ^
  45 | </invoke>

Parsing ecmascript source code failed

Import trace:
  Server Component:
    ./src/components/personal/now-strip.tsx
    ./src/app/personal/page.tsx @ http://localhost:3000/_next/static/chunks/node_modules_next_dist_1gdrd03._.js:1945
[    8360ms] [ERROR] ./src/components/personal/now-strip.tsx:44:2
Unterminated regexp literal
  42 |   );
  43 | }
> 44 | </content>
     |  ^^^^^^^^^
  45 | </invoke>

Parsing ecmascript source code failed

Import trace:
  Server Component:
    ./src/components/personal/now-strip.tsx
    ./src/app/personal/page.tsx @ http://localhost:3000/_next/static/chunks/node_modules_next_dist_1gdrd03._.js:1945
[    8421ms] [ERROR] ./src/components/personal/now-strip.tsx:44:1
Expression expected
  42 |   );
  43 | }
> 44 | </content>
     | ^
  45 | </invoke>

Parsing ecmascript source code failed

Import trace:
  Server Component:
    ./src/components/personal/now-strip.tsx
    ./src/app/personal/page.tsx @ http://localhost:3000/_next/static/chunks/node_modules_next_dist_1gdrd03._.js:1945
[    8422ms] [ERROR] ./src/components/personal/now-strip.tsx:44:2
Unterminated regexp literal
  42 |   );
  43 | }
> 44 | </content>
     |  ^^^^^^^^^
  45 | </invoke>

Parsing ecmascript source code failed

Import trace:
  Server Component:
    ./src/components/personal/now-strip.tsx
    ./src/app/personal/page.tsx @ http://localhost:3000/_next/static/chunks/node_modules_next_dist_1gdrd03._.js:1945
[    8483ms] [ERROR] ./src/components/personal/now-strip.tsx:44:1
Expression expected
  42 |   );
  43 | }
> 44 | </content>
     | ^
  45 | </invoke>

Parsing ecmascript source code failed

Import trace:
  Server Component:
    ./src/components/personal/now-strip.tsx
    ./src/app/personal/page.tsx @ http://localhost:3000/_next/static/chunks/node_modules_next_dist_1gdrd03._.js:1945
[    8483ms] [ERROR] ./src/components/personal/now-strip.tsx:44:2
Unterminated regexp literal
  42 |   );
  43 | }
> 44 | </content>
     |  ^^^^^^^^^
  45 | </invoke>

Parsing ecmascript source code failed

Import trace:
  Server Component:
    ./src/components/personal/now-strip.tsx
    ./src/app/personal/page.tsx @ http://localhost:3000/_next/static/chunks/node_modules_next_dist_1gdrd03._.js:1945
[    8546ms] [ERROR] ./src/components/personal/now-strip.tsx:44:1
Expression expected
  42 |   );
  43 | }
> 44 | </content>
     | ^
  45 | </invoke>

Parsing ecmascript source code failed

Import trace:
  Server Component:
    ./src/components/personal/now-strip.tsx
    ./src/app/personal/page.tsx @ http://localhost:3000/_next/static/chunks/node_modules_next_dist_1gdrd03._.js:1945
[    8546ms] [ERROR] ./src/components/personal/now-strip.tsx:44:2
Unterminated regexp literal
  42 |   );
  43 | }
> 44 | </content>
     |  ^^^^^^^^^
  45 | </invoke>

Parsing ecmascript source code failed

Import trace:
  Server Component:
    ./src/components/personal/now-strip.tsx
    ./src/app/personal/page.tsx @ http://localhost:3000/_next/static/chunks/node_modules_next_dist_1gdrd03._.js:1945
[    8608ms] [ERROR] ./src/components/personal/now-strip.tsx:44:1
Expression expected
  42 |   );
  43 | }
> 44 | </content>
     | ^
  45 | </invoke>

Parsing ecmascript source code failed

Import trace:
  Server Component:
    ./src/components/personal/now-strip.tsx
    ./src/app/personal/page.tsx @ http://localhost:3000/_next/static/chunks/node_modules_next_dist_1gdrd03._.js:1945
[    8609ms] [ERROR] ./src/components/personal/now-strip.tsx:44:2
Unterminated regexp literal
  42 |   );
  43 | }
> 44 | </content>
     |  ^^^^^^^^^
  45 | </invoke>

Parsing ecmascript source code failed

Import trace:
  Server Component:
    ./src/components/personal/now-strip.tsx
    ./src/app/personal/page.tsx @ http://localhost:3000/_next/static/chunks/node_modules_next_dist_1gdrd03._.js:1945
[    8670ms] [ERROR] ./src/components/personal/now-strip.tsx:44:1
Expression expected
  42 |   );
  43 | }
> 44 | </content>
     | ^
  45 | </invoke>

Parsing ecmascript source code failed

Import trace:
  Server Component:
    ./src/components/personal/now-strip.tsx
    ./src/app/personal/page.tsx @ http://localhost:3000/_next/static/chunks/node_modules_next_dist_1gdrd03._.js:1945
[    8670ms] [ERROR] ./src/components/personal/now-strip.tsx:44:2
Unterminated regexp literal
  42 |   );
  43 | }
> 44 | </content>
     |  ^^^^^^^^^
  45 | </invoke>

Parsing ecmascript source code failed

Import trace:
  Server Component:
    ./src/components/personal/now-strip.tsx
    ./src/app/personal/page.tsx @ http://localhost:3000/_next/static/chunks/node_modules_next_dist_1gdrd03._.js:1945
[    8732ms] [ERROR] ./src/components/personal/now-strip.tsx:44:1
Expression expected
  42 |   );
  43 | }
> 44 | </content>
     | ^
  45 | </invoke>

Parsing ecmascript source code failed

Import trace:
  Server Component:
    ./src/components/personal/now-strip.tsx
    ./src/app/personal/page.tsx @ http://localhost:3000/_next/static/chunks/node_modules_next_dist_1gdrd03._.js:1945
[    8733ms] [ERROR] ./src/components/personal/now-strip.tsx:44:2
Unterminated regexp literal
  42 |   );
  43 | }
> 44 | </content>
     |  ^^^^^^^^^
  45 | </invoke>

Parsing ecmascript source code failed

Import trace:
  Server Component:
    ./src/components/personal/now-strip.tsx
    ./src/app/personal/page.tsx @ http://localhost:3000/_next/static/chunks/node_modules_next_dist_1gdrd03._.js:1945
[    8796ms] [ERROR] ./src/components/personal/now-strip.tsx:44:1
Expression expected
  42 |   );
  43 | }
> 44 | </content>
     | ^
  45 | </invoke>

Parsing ecmascript source code failed

Import trace:
  Server Component:
    ./src/components/personal/now-strip.tsx
    ./src/app/personal/page.tsx @ http://localhost:3000/_next/static/chunks/node_modules_next_dist_1gdrd03._.js:1945
[    8796ms] [ERROR] ./src/components/personal/now-strip.tsx:44:2
Unterminated regexp literal
  42 |   );
  43 | }
> 44 | </content>
     |  ^^^^^^^^^
  45 | </invoke>

Parsing ecmascript source code failed

Import trace:
  Server Component:
    ./src/components/personal/now-strip.tsx
    ./src/app/personal/page.tsx @ http://localhost:3000/_next/static/chunks/node_modules_next_dist_1gdrd03._.js:1945
[    8858ms] [ERROR] ./src/components/personal/now-strip.tsx:44:1
Expression expected
  42 |   );
  43 | }
> 44 | </content>
     | ^
  45 | </invoke>

Parsing ecmascript source code failed

Import trace:
  Server Component:
    ./src/components/personal/now-strip.tsx
    ./src/app/personal/page.tsx @ http://localhost:3000/_next/static/chunks/node_modules_next_dist_1gdrd03._.js:1945
[    8858ms] [ERROR] ./src/components/personal/now-strip.tsx:44:2
Unterminated regexp literal
  42 |   );
  43 | }
> 44 | </content>
     |  ^^^^^^^^^
  45 | </invoke>

Parsing ecmascript source code failed

Import trace:
  Server Component:
    ./src/components/personal/now-strip.tsx
    ./src/app/personal/page.tsx @ http://localhost:3000/_next/static/chunks/node_modules_next_dist_1gdrd03._.js:1945
[    8920ms] [ERROR] ./src/components/personal/now-strip.tsx:44:1
Expression expected
  42 |   );
  43 | }
> 44 | </content>
     | ^
  45 | </invoke>

Parsing ecmascript source code failed

Import trace:
  Server Component:
    ./src/components/personal/now-strip.tsx
    ./src/app/personal/page.tsx @ http://localhost:3000/_next/static/chunks/node_modules_next_dist_1gdrd03._.js:1945
[    8920ms] [ERROR] ./src/components/personal/now-strip.tsx:44:2
Unterminated regexp literal
  42 |   );
  43 | }
> 44 | </content>
     |  ^^^^^^^^^
  45 | </invoke>

Parsing ecmascript source code failed

Import trace:
  Server Component:
    ./src/components/personal/now-strip.tsx
    ./src/app/personal/page.tsx @ http://localhost:3000/_next/static/chunks/node_modules_next_dist_1gdrd03._.js:1945
[    8982ms] [ERROR] ./src/components/personal/now-strip.tsx:44:1
Expression expected
  42 |   );
  43 | }
> 44 | </content>
     | ^
  45 | </invoke>

Parsing ecmascript source code failed

Import trace:
  Server Component:
    ./src/components/personal/now-strip.tsx
    ./src/app/personal/page.tsx @ http://localhost:3000/_next/static/chunks/node_modules_next_dist_1gdrd03._.js:1945
[    8982ms] [ERROR] ./src/components/personal/now-strip.tsx:44:2
Unterminated regexp literal
  42 |   );
  43 | }
> 44 | </content>
     |  ^^^^^^^^^
  45 | </invoke>

Parsing ecmascript source code failed

Import trace:
  Server Component:
    ./src/components/personal/now-strip.tsx
    ./src/app/personal/page.tsx @ http://localhost:3000/_next/static/chunks/node_modules_next_dist_1gdrd03._.js:1945
[    9046ms] [ERROR] ./src/components/personal/now-strip.tsx:44:1
Expression expected
  42 |   );
  43 | }
> 44 | </content>
     | ^
  45 | </invoke>

Parsing ecmascript source code failed

Import trace:
  Server Component:
    ./src/components/personal/now-strip.tsx
    ./src/app/personal/page.tsx @ http://localhost:3000/_next/static/chunks/node_modules_next_dist_1gdrd03._.js:1945
[    9046ms] [ERROR] ./src/components/personal/now-strip.tsx:44:2
Unterminated regexp literal
  42 |   );
  43 | }
> 44 | </content>
     |  ^^^^^^^^^
  45 | </invoke>

Parsing ecmascript source code failed

Import trace:
  Server Component:
    ./src/components/personal/now-strip.tsx
    ./src/app/personal/page.tsx @ http://localhost:3000/_next/static/chunks/node_modules_next_dist_1gdrd03._.js:1945
[    9109ms] [ERROR] ./src/components/personal/now-strip.tsx:44:1
Expression expected
  42 |   );
  43 | }
> 44 | </content>
     | ^
  45 | </invoke>

Parsing ecmascript source code failed

Import trace:
  Server Component:
    ./src/components/personal/now-strip.tsx
    ./src/app/personal/page.tsx @ http://localhost:3000/_next/static/chunks/node_modules_next_dist_1gdrd03._.js:1945
[    9109ms] [ERROR] ./src/components/personal/now-strip.tsx:44:2
Unterminated regexp literal
  42 |   );
  43 | }
> 44 | </content>
     |  ^^^^^^^^^
  45 | </invoke>

Parsing ecmascript source code failed

Import trace:
  Server Component:
    ./src/components/personal/now-strip.tsx
    ./src/app/personal/page.tsx @ http://localhost:3000/_next/static/chunks/node_modules_next_dist_1gdrd03._.js:1945
[    9170ms] [ERROR] ./src/components/personal/now-strip.tsx:44:1
Expression expected
  42 |   );
  43 | }
> 44 | </content>
     | ^
  45 | </invoke>

Parsing ecmascript source code failed

Import trace:
  Server Component:
    ./src/components/personal/now-strip.tsx
    ./src/app/personal/page.tsx @ http://localhost:3000/_next/static/chunks/node_modules_next_dist_1gdrd03._.js:1945
[    9170ms] [ERROR] ./src/components/personal/now-strip.tsx:44:2
Unterminated regexp literal
  42 |   );
  43 | }
> 44 | </content>
     |  ^^^^^^^^^
  45 | </invoke>

Parsing ecmascript source code failed

Import trace:
  Server Component:
    ./src/components/personal/now-strip.tsx
    ./src/app/personal/page.tsx @ http://localhost:3000/_next/static/chunks/node_modules_next_dist_1gdrd03._.js:1945
[    9235ms] [ERROR] ./src/components/personal/now-strip.tsx:44:1
Expression expected
  42 |   );
  43 | }
> 44 | </content>
     | ^
  45 | </invoke>

Parsing ecmascript source code failed

Import trace:
  Server Component:
    ./src/components/personal/now-strip.tsx
    ./src/app/personal/page.tsx @ http://localhost:3000/_next/static/chunks/node_modules_next_dist_1gdrd03._.js:1945
[    9236ms] [ERROR] ./src/components/personal/now-strip.tsx:44:2
Unterminated regexp literal
  42 |   );
  43 | }
> 44 | </content>
     |  ^^^^^^^^^
  45 | </invoke>

Parsing ecmascript source code failed

Import trace:
  Server Component:
    ./src/components/personal/now-strip.tsx
    ./src/app/personal/page.tsx @ http://localhost:3000/_next/static/chunks/node_modules_next_dist_1gdrd03._.js:1945
[    9295ms] [ERROR] ./src/components/personal/now-strip.tsx:44:1
Expression expected
  42 |   );
  43 | }
> 44 | </content>
     | ^
  45 | </invoke>

Parsing ecmascript source code failed

Import trace:
  Server Component:
    ./src/components/personal/now-strip.tsx
    ./src/app/personal/page.tsx @ http://localhost:3000/_next/static/chunks/node_modules_next_dist_1gdrd03._.js:1945
[    9296ms] [ERROR] ./src/components/personal/now-strip.tsx:44:2
Unterminated regexp literal
  42 |   );
  43 | }
> 44 | </content>
     |  ^^^^^^^^^
  45 | </invoke>

Parsing ecmascript source code failed

Import trace:
  Server Component:
    ./src/components/personal/now-strip.tsx
    ./src/app/personal/page.tsx @ http://localhost:3000/_next/static/chunks/node_modules_next_dist_1gdrd03._.js:1945
[    9358ms] [ERROR] ./src/components/personal/now-strip.tsx:44:1
Expression expected
  42 |   );
  43 | }
> 44 | </content>
     | ^
  45 | </invoke>

Parsing ecmascript source code failed

Import trace:
  Server Component:
    ./src/components/personal/now-strip.tsx
    ./src/app/personal/page.tsx @ http://localhost:3000/_next/static/chunks/node_modules_next_dist_1gdrd03._.js:1945
[    9358ms] [ERROR] ./src/components/personal/now-strip.tsx:44:2
Unterminated regexp literal
  42 |   );
  43 | }
> 44 | </content>
     |  ^^^^^^^^^
  45 | </invoke>

Parsing ecmascript source code failed

Import trace:
  Server Component:
    ./src/components/personal/now-strip.tsx
    ./src/app/personal/page.tsx @ http://localhost:3000/_next/static/chunks/node_modules_next_dist_1gdrd03._.js:1945
[    9417ms] [ERROR] ./src/components/personal/now-strip.tsx:44:1
Expression expected
  42 |   );
  43 | }
> 44 | </content>
     | ^
  45 | </invoke>

Parsing ecmascript source code failed

Import trace:
  Server Component:
    ./src/components/personal/now-strip.tsx
    ./src/app/personal/page.tsx @ http://localhost:3000/_next/static/chunks/node_modules_next_dist_1gdrd03._.js:1945
[    9418ms] [ERROR] ./src/components/personal/now-strip.tsx:44:2
Unterminated regexp literal
  42 |   );
  43 | }
> 44 | </content>
     |  ^^^^^^^^^
  45 | </invoke>

Parsing ecmascript source code failed

Import trace:
  Server Component:
    ./src/components/personal/now-strip.tsx
    ./src/app/personal/page.tsx @ http://localhost:3000/_next/static/chunks/node_modules_next_dist_1gdrd03._.js:1945
[    9480ms] [ERROR] ./src/components/personal/now-strip.tsx:44:1
Expression expected
  42 |   );
  43 | }
> 44 | </content>
     | ^
  45 | </invoke>

Parsing ecmascript source code failed

Import trace:
  Server Component:
    ./src/components/personal/now-strip.tsx
    ./src/app/personal/page.tsx @ http://localhost:3000/_next/static/chunks/node_modules_next_dist_1gdrd03._.js:1945
[    9480ms] [ERROR] ./src/components/personal/now-strip.tsx:44:2
Unterminated regexp literal
  42 |   );
  43 | }
> 44 | </content>
     |  ^^^^^^^^^
  45 | </invoke>

Parsing ecmascript source code failed

Import trace:
  Server Component:
    ./src/components/personal/now-strip.tsx
    ./src/app/personal/page.tsx @ http://localhost:3000/_next/static/chunks/node_modules_next_dist_1gdrd03._.js:1945
[    9541ms] [ERROR] ./src/components/personal/now-strip.tsx:44:1
Expression expected
  42 |   );
  43 | }
> 44 | </content>
     | ^
  45 | </invoke>

Parsing ecmascript source code failed

Import trace:
  Server Component:
    ./src/components/personal/now-strip.tsx
    ./src/app/personal/page.tsx @ http://localhost:3000/_next/static/chunks/node_modules_next_dist_1gdrd03._.js:1945
[    9541ms] [ERROR] ./src/components/personal/now-strip.tsx:44:2
Unterminated regexp literal
  42 |   );
  43 | }
> 44 | </content>
     |  ^^^^^^^^^
  45 | </invoke>

Parsing ecmascript source code failed

Import trace:
  Server Component:
    ./src/components/personal/now-strip.tsx
    ./src/app/personal/page.tsx @ http://localhost:3000/_next/static/chunks/node_modules_next_dist_1gdrd03._.js:1945
[    9606ms] [ERROR] ./src/components/personal/now-strip.tsx:44:1
Expression expected
  42 |   );
  43 | }
> 44 | </content>
     | ^
  45 | </invoke>

Parsing ecmascript source code failed

Import trace:
  Server Component:
    ./src/components/personal/now-strip.tsx
    ./src/app/personal/page.tsx @ http://localhost:3000/_next/static/chunks/node_modules_next_dist_1gdrd03._.js:1945
[    9606ms] [ERROR] ./src/components/personal/now-strip.tsx:44:2
Unterminated regexp literal
  42 |   );
  43 | }
> 44 | </content>
     |  ^^^^^^^^^
  45 | </invoke>

Parsing ecmascript source code failed

Import trace:
  Server Component:
    ./src/components/personal/now-strip.tsx
    ./src/app/personal/page.tsx @ http://localhost:3000/_next/static/chunks/node_modules_next_dist_1gdrd03._.js:1945
[    9672ms] [ERROR] ./src/components/personal/now-strip.tsx:44:1
Expression expected
  42 |   );
  43 | }
> 44 | </content>
     | ^
  45 | </invoke>

Parsing ecmascript source code failed

Import trace:
  Server Component:
    ./src/components/personal/now-strip.tsx
    ./src/app/personal/page.tsx @ http://localhost:3000/_next/static/chunks/node_modules_next_dist_1gdrd03._.js:1945
[    9672ms] [ERROR] ./src/components/personal/now-strip.tsx:44:2
Unterminated regexp literal
  42 |   );
  43 | }
> 44 | </content>
     |  ^^^^^^^^^
  45 | </invoke>

Parsing ecmascript source code failed

Import trace:
  Server Component:
    ./src/components/personal/now-strip.tsx
    ./src/app/personal/page.tsx @ http://localhost:3000/_next/static/chunks/node_modules_next_dist_1gdrd03._.js:1945
[    9747ms] [ERROR] ./src/components/personal/now-strip.tsx:44:1
Expression expected
  42 |   );
  43 | }
> 44 | </content>
     | ^
  45 | </invoke>

Parsing ecmascript source code failed

Import trace:
  Server Component:
    ./src/components/personal/now-strip.tsx
    ./src/app/personal/page.tsx @ http://localhost:3000/_next/static/chunks/node_modules_next_dist_1gdrd03._.js:1945
[    9747ms] [ERROR] ./src/components/personal/now-strip.tsx:44:2
Unterminated regexp literal
  42 |   );
  43 | }
> 44 | </content>
     |  ^^^^^^^^^
  45 | </invoke>

Parsing ecmascript source code failed

Import trace:
  Server Component:
    ./src/components/personal/now-strip.tsx
    ./src/app/personal/page.tsx @ http://localhost:3000/_next/static/chunks/node_modules_next_dist_1gdrd03._.js:1945
[    9810ms] [ERROR] ./src/components/personal/now-strip.tsx:44:1
Expression expected
  42 |   );
  43 | }
> 44 | </content>
     | ^
  45 | </invoke>

Parsing ecmascript source code failed

Import trace:
  Server Component:
    ./src/components/personal/now-strip.tsx
    ./src/app/personal/page.tsx @ http://localhost:3000/_next/static/chunks/node_modules_next_dist_1gdrd03._.js:1945
[    9810ms] [ERROR] ./src/components/personal/now-strip.tsx:44:2
Unterminated regexp literal
  42 |   );
  43 | }
> 44 | </content>
     |  ^^^^^^^^^
  45 | </invoke>

Parsing ecmascript source code failed

Import trace:
  Server Component:
    ./src/components/personal/now-strip.tsx
    ./src/app/personal/page.tsx @ http://localhost:3000/_next/static/chunks/node_modules_next_dist_1gdrd03._.js:1945
[    9874ms] [ERROR] ./src/components/personal/now-strip.tsx:44:1
Expression expected
  42 |   );
  43 | }
> 44 | </content>
     | ^
  45 | </invoke>

Parsing ecmascript source code failed

Import trace:
  Server Component:
    ./src/components/personal/now-strip.tsx
    ./src/app/personal/page.tsx @ http://localhost:3000/_next/static/chunks/node_modules_next_dist_1gdrd03._.js:1945
[    9874ms] [ERROR] ./src/components/personal/now-strip.tsx:44:2
Unterminated regexp literal
  42 |   );
  43 | }
> 44 | </content>
     |  ^^^^^^^^^
  45 | </invoke>

Parsing ecmascript source code failed

Import trace:
  Server Component:
    ./src/components/personal/now-strip.tsx
    ./src/app/personal/page.tsx @ http://localhost:3000/_next/static/chunks/node_modules_next_dist_1gdrd03._.js:1945
[    9937ms] [ERROR] ./src/components/personal/now-strip.tsx:44:1
Expression expected
  42 |   );
  43 | }
> 44 | </content>
     | ^
  45 | </invoke>

Parsing ecmascript source code failed

Import trace:
  Server Component:
    ./src/components/personal/now-strip.tsx
    ./src/app/personal/page.tsx @ http://localhost:3000/_next/static/chunks/node_modules_next_dist_1gdrd03._.js:1945
[    9937ms] [ERROR] ./src/components/personal/now-strip.tsx:44:2
Unterminated regexp literal
  42 |   );
  43 | }
> 44 | </content>
     |  ^^^^^^^^^
  45 | </invoke>

Parsing ecmascript source code failed

Import trace:
  Server Component:
    ./src/components/personal/now-strip.tsx
    ./src/app/personal/page.tsx @ http://localhost:3000/_next/static/chunks/node_modules_next_dist_1gdrd03._.js:1945
[   10000ms] [ERROR] ./src/components/personal/now-strip.tsx:44:1
Expression expected
  42 |   );
  43 | }
> 44 | </content>
     | ^
  45 | </invoke>

Parsing ecmascript source code failed

Import trace:
  Server Component:
    ./src/components/personal/now-strip.tsx
    ./src/app/personal/page.tsx @ http://localhost:3000/_next/static/chunks/node_modules_next_dist_1gdrd03._.js:1945
[   10000ms] [ERROR] ./src/components/personal/now-strip.tsx:44:2
Unterminated regexp literal
  42 |   );
  43 | }
> 44 | </content>
     |  ^^^^^^^^^
  45 | </invoke>

Parsing ecmascript source code failed

Import trace:
  Server Component:
    ./src/components/personal/now-strip.tsx
    ./src/app/personal/page.tsx @ http://localhost:3000/_next/static/chunks/node_modules_next_dist_1gdrd03._.js:1945
[   10061ms] [ERROR] ./src/components/personal/now-strip.tsx:44:1
Expression expected
  42 |   );
  43 | }
> 44 | </content>
     | ^
  45 | </invoke>

Parsing ecmascript source code failed

Import trace:
  Server Component:
    ./src/components/personal/now-strip.tsx
    ./src/app/personal/page.tsx @ http://localhost:3000/_next/static/chunks/node_modules_next_dist_1gdrd03._.js:1945
[   10061ms] [ERROR] ./src/components/personal/now-strip.tsx:44:2
Unterminated regexp literal
  42 |   );
  43 | }
> 44 | </content>
     |  ^^^^^^^^^
  45 | </invoke>

Parsing ecmascript source code failed

Import trace:
  Server Component:
    ./src/components/personal/now-strip.tsx
    ./src/app/personal/page.tsx @ http://localhost:3000/_next/static/chunks/node_modules_next_dist_1gdrd03._.js:1945
[   10121ms] [ERROR] ./src/components/personal/now-strip.tsx:44:1
Expression expected
  42 |   );
  43 | }
> 44 | </content>
     | ^
  45 | </invoke>

Parsing ecmascript source code failed

Import trace:
  Server Component:
    ./src/components/personal/now-strip.tsx
    ./src/app/personal/page.tsx @ http://localhost:3000/_next/static/chunks/node_modules_next_dist_1gdrd03._.js:1945
[   10122ms] [ERROR] ./src/components/personal/now-strip.tsx:44:2
Unterminated regexp literal
  42 |   );
  43 | }
> 44 | </content>
     |  ^^^^^^^^^
  45 | </invoke>

Parsing ecmascript source code failed

Import trace:
  Server Component:
    ./src/components/personal/now-strip.tsx
    ./src/app/personal/page.tsx @ http://localhost:3000/_next/static/chunks/node_modules_next_dist_1gdrd03._.js:1945
[   10184ms] [ERROR] ./src/components/personal/now-strip.tsx:44:1
Expression expected
  42 |   );
  43 | }
> 44 | </content>
     | ^
  45 | </invoke>

Parsing ecmascript source code failed

Import trace:
  Server Component:
    ./src/components/personal/now-strip.tsx
    ./src/app/personal/page.tsx @ http://localhost:3000/_next/static/chunks/node_modules_next_dist_1gdrd03._.js:1945
[   10184ms] [ERROR] ./src/components/personal/now-strip.tsx:44:2
Unterminated regexp literal
  42 |   );
  43 | }
> 44 | </content>
     |  ^^^^^^^^^
  45 | </invoke>

Parsing ecmascript source code failed

Import trace:
  Server Component:
    ./src/components/personal/now-strip.tsx
    ./src/app/personal/page.tsx @ http://localhost:3000/_next/static/chunks/node_modules_next_dist_1gdrd03._.js:1945
[   10247ms] [ERROR] ./src/components/personal/now-strip.tsx:44:1
Expression expected
  42 |   );
  43 | }
> 44 | </content>
     | ^
  45 | </invoke>

Parsing ecmascript source code failed

Import trace:
  Server Component:
    ./src/components/personal/now-strip.tsx
    ./src/app/personal/page.tsx @ http://localhost:3000/_next/static/chunks/node_modules_next_dist_1gdrd03._.js:1945
[   10248ms] [ERROR] ./src/components/personal/now-strip.tsx:44:2
Unterminated regexp literal
  42 |   );
  43 | }
> 44 | </content>
     |  ^^^^^^^^^
  45 | </invoke>

Parsing ecmascript source code failed

Import trace:
  Server Component:
    ./src/components/personal/now-strip.tsx
    ./src/app/personal/page.tsx @ http://localhost:3000/_next/static/chunks/node_modules_next_dist_1gdrd03._.js:1945
[   10311ms] [ERROR] ./src/components/personal/now-strip.tsx:44:1
Expression expected
  42 |   );
  43 | }
> 44 | </content>
     | ^
  45 | </invoke>

Parsing ecmascript source code failed

Import trace:
  Server Component:
    ./src/components/personal/now-strip.tsx
    ./src/app/personal/page.tsx @ http://localhost:3000/_next/static/chunks/node_modules_next_dist_1gdrd03._.js:1945
[   10311ms] [ERROR] ./src/components/personal/now-strip.tsx:44:2
Unterminated regexp literal
  42 |   );
  43 | }
> 44 | </content>
     |  ^^^^^^^^^
  45 | </invoke>

Parsing ecmascript source code failed

Import trace:
  Server Component:
    ./src/components/personal/now-strip.tsx
    ./src/app/personal/page.tsx @ http://localhost:3000/_next/static/chunks/node_modules_next_dist_1gdrd03._.js:1945
[   10371ms] [ERROR] ./src/components/personal/now-strip.tsx:44:1
Expression expected
  42 |   );
  43 | }
> 44 | </content>
     | ^
  45 | </invoke>

Parsing ecmascript source code failed

Import trace:
  Server Component:
    ./src/components/personal/now-strip.tsx
    ./src/app/personal/page.tsx @ http://localhost:3000/_next/static/chunks/node_modules_next_dist_1gdrd03._.js:1945
[   10372ms] [ERROR] ./src/components/personal/now-strip.tsx:44:2
Unterminated regexp literal
  42 |   );
  43 | }
> 44 | </content>
     |  ^^^^^^^^^
  45 | </invoke>

Parsing ecmascript source code failed

Import trace:
  Server Component:
    ./src/components/personal/now-strip.tsx
    ./src/app/personal/page.tsx @ http://localhost:3000/_next/static/chunks/node_modules_next_dist_1gdrd03._.js:1945
[   10435ms] [ERROR] ./src/components/personal/now-strip.tsx:44:1
Expression expected
  42 |   );
  43 | }
> 44 | </content>
     | ^
  45 | </invoke>

Parsing ecmascript source code failed

Import trace:
  Server Component:
    ./src/components/personal/now-strip.tsx
    ./src/app/personal/page.tsx @ http://localhost:3000/_next/static/chunks/node_modules_next_dist_1gdrd03._.js:1945
[   10435ms] [ERROR] ./src/components/personal/now-strip.tsx:44:2
Unterminated regexp literal
  42 |   );
  43 | }
> 44 | </content>
     |  ^^^^^^^^^
  45 | </invoke>

Parsing ecmascript source code failed

Import trace:
  Server Component:
    ./src/components/personal/now-strip.tsx
    ./src/app/personal/page.tsx @ http://localhost:3000/_next/static/chunks/node_modules_next_dist_1gdrd03._.js:1945
[   10497ms] [ERROR] ./src/components/personal/now-strip.tsx:44:1
Expression expected
  42 |   );
  43 | }
> 44 | </content>
     | ^
  45 | </invoke>

Parsing ecmascript source code failed

Import trace:
  Server Component:
    ./src/components/personal/now-strip.tsx
    ./src/app/personal/page.tsx @ http://localhost:3000/_next/static/chunks/node_modules_next_dist_1gdrd03._.js:1945
[   10497ms] [ERROR] ./src/components/personal/now-strip.tsx:44:2
Unterminated regexp literal
  42 |   );
  43 | }
> 44 | </content>
     |  ^^^^^^^^^
  45 | </invoke>

Parsing ecmascript source code failed

Import trace:
  Server Component:
    ./src/components/personal/now-strip.tsx
    ./src/app/personal/page.tsx @ http://localhost:3000/_next/static/chunks/node_modules_next_dist_1gdrd03._.js:1945
[   10560ms] [ERROR] ./src/components/personal/now-strip.tsx:44:1
Expression expected
  42 |   );
  43 | }
> 44 | </content>
     | ^
  45 | </invoke>

Parsing ecmascript source code failed

Import trace:
  Server Component:
    ./src/components/personal/now-strip.tsx
    ./src/app/personal/page.tsx @ http://localhost:3000/_next/static/chunks/node_modules_next_dist_1gdrd03._.js:1945
[   10560ms] [ERROR] ./src/components/personal/now-strip.tsx:44:2
Unterminated regexp literal
  42 |   );
  43 | }
> 44 | </content>
     |  ^^^^^^^^^
  45 | </invoke>

Parsing ecmascript source code failed

Import trace:
  Server Component:
    ./src/components/personal/now-strip.tsx
    ./src/app/personal/page.tsx @ http://localhost:3000/_next/static/chunks/node_modules_next_dist_1gdrd03._.js:1945
[   10620ms] [ERROR] ./src/components/personal/now-strip.tsx:44:1
Expression expected
  42 |   );
  43 | }
> 44 | </content>
     | ^
  45 | </invoke>

Parsing ecmascript source code failed

Import trace:
  Server Component:
    ./src/components/personal/now-strip.tsx
    ./src/app/personal/page.tsx @ http://localhost:3000/_next/static/chunks/node_modules_next_dist_1gdrd03._.js:1945
[   10621ms] [ERROR] ./src/components/personal/now-strip.tsx:44:2
Unterminated regexp literal
  42 |   );
  43 | }
> 44 | </content>
     |  ^^^^^^^^^
  45 | </invoke>

Parsing ecmascript source code failed

Import trace:
  Server Component:
    ./src/components/personal/now-strip.tsx
    ./src/app/personal/page.tsx @ http://localhost:3000/_next/static/chunks/node_modules_next_dist_1gdrd03._.js:1945
[   10684ms] [ERROR] ./src/components/personal/now-strip.tsx:44:1
Expression expected
  42 |   );
  43 | }
> 44 | </content>
     | ^
  45 | </invoke>

Parsing ecmascript source code failed

Import trace:
  Server Component:
    ./src/components/personal/now-strip.tsx
    ./src/app/personal/page.tsx @ http://localhost:3000/_next/static/chunks/node_modules_next_dist_1gdrd03._.js:1945
[   10684ms] [ERROR] ./src/components/personal/now-strip.tsx:44:2
Unterminated regexp literal
  42 |   );
  43 | }
> 44 | </content>
     |  ^^^^^^^^^
  45 | </invoke>

Parsing ecmascript source code failed

Import trace:
  Server Component:
    ./src/components/personal/now-strip.tsx
    ./src/app/personal/page.tsx @ http://localhost:3000/_next/static/chunks/node_modules_next_dist_1gdrd03._.js:1945
[   10761ms] [ERROR] ./src/components/personal/now-strip.tsx:44:1
Expression expected
  42 |   );
  43 | }
> 44 | </content>
     | ^
  45 | </invoke>

Parsing ecmascript source code failed

Import trace:
  Server Component:
    ./src/components/personal/now-strip.tsx
    ./src/app/personal/page.tsx @ http://localhost:3000/_next/static/chunks/node_modules_next_dist_1gdrd03._.js:1945
[   10761ms] [ERROR] ./src/components/personal/now-strip.tsx:44:2
Unterminated regexp literal
  42 |   );
  43 | }
> 44 | </content>
     |  ^^^^^^^^^
  45 | </invoke>

Parsing ecmascript source code failed

Import trace:
  Server Component:
    ./src/components/personal/now-strip.tsx
    ./src/app/personal/page.tsx @ http://localhost:3000/_next/static/chunks/node_modules_next_dist_1gdrd03._.js:1945
[   10827ms] [ERROR] ./src/components/personal/now-strip.tsx:44:1
Expression expected
  42 |   );
  43 | }
> 44 | </content>
     | ^
  45 | </invoke>

Parsing ecmascript source code failed

Import trace:
  Server Component:
    ./src/components/personal/now-strip.tsx
    ./src/app/personal/page.tsx @ http://localhost:3000/_next/static/chunks/node_modules_next_dist_1gdrd03._.js:1945
[   10828ms] [ERROR] ./src/components/personal/now-strip.tsx:44:2
Unterminated regexp literal
  42 |   );
  43 | }
> 44 | </content>
     |  ^^^^^^^^^
  45 | </invoke>

Parsing ecmascript source code failed

Import trace:
  Server Component:
    ./src/components/personal/now-strip.tsx
    ./src/app/personal/page.tsx @ http://localhost:3000/_next/static/chunks/node_modules_next_dist_1gdrd03._.js:1945
[   10886ms] [ERROR] ./src/components/personal/now-strip.tsx:44:1
Expression expected
  42 |   );
  43 | }
> 44 | </content>
     | ^
  45 | </invoke>

Parsing ecmascript source code failed

Import trace:
  Server Component:
    ./src/components/personal/now-strip.tsx
    ./src/app/personal/page.tsx @ http://localhost:3000/_next/static/chunks/node_modules_next_dist_1gdrd03._.js:1945
[   10886ms] [ERROR] ./src/components/personal/now-strip.tsx:44:2
Unterminated regexp literal
  42 |   );
  43 | }
> 44 | </content>
     |  ^^^^^^^^^
  45 | </invoke>

Parsing ecmascript source code failed

Import trace:
  Server Component:
    ./src/components/personal/now-strip.tsx
    ./src/app/personal/page.tsx @ http://localhost:3000/_next/static/chunks/node_modules_next_dist_1gdrd03._.js:1945
[   10949ms] [ERROR] ./src/components/personal/now-strip.tsx:44:1
Expression expected
  42 |   );
  43 | }
> 44 | </content>
     | ^
  45 | </invoke>

Parsing ecmascript source code failed

Import trace:
  Server Component:
    ./src/components/personal/now-strip.tsx
    ./src/app/personal/page.tsx @ http://localhost:3000/_next/static/chunks/node_modules_next_dist_1gdrd03._.js:1945
[   10950ms] [ERROR] ./src/components/personal/now-strip.tsx:44:2
Unterminated regexp literal
  42 |   );
  43 | }
> 44 | </content>
     |  ^^^^^^^^^
  45 | </invoke>

Parsing ecmascript source code failed

Import trace:
  Server Component:
    ./src/components/personal/now-strip.tsx
    ./src/app/personal/page.tsx @ http://localhost:3000/_next/static/chunks/node_modules_next_dist_1gdrd03._.js:1945
[   11011ms] [ERROR] ./src/components/personal/now-strip.tsx:44:1
Expression expected
  42 |   );
  43 | }
> 44 | </content>
     | ^
  45 | </invoke>

Parsing ecmascript source code failed

Import trace:
  Server Component:
    ./src/components/personal/now-strip.tsx
    ./src/app/personal/page.tsx @ http://localhost:3000/_next/static/chunks/node_modules_next_dist_1gdrd03._.js:1945
[   11011ms] [ERROR] ./src/components/personal/now-strip.tsx:44:2
Unterminated regexp literal
  42 |   );
  43 | }
> 44 | </content>
     |  ^^^^^^^^^
  45 | </invoke>

Parsing ecmascript source code failed

Import trace:
  Server Component:
    ./src/components/personal/now-strip.tsx
    ./src/app/personal/page.tsx @ http://localhost:3000/_next/static/chunks/node_modules_next_dist_1gdrd03._.js:1945
[   11075ms] [ERROR] ./src/components/personal/now-strip.tsx:44:1
Expression expected
  42 |   );
  43 | }
> 44 | </content>
     | ^
  45 | </invoke>

Parsing ecmascript source code failed

Import trace:
  Server Component:
    ./src/components/personal/now-strip.tsx
    ./src/app/personal/page.tsx @ http://localhost:3000/_next/static/chunks/node_modules_next_dist_1gdrd03._.js:1945
[   11076ms] [ERROR] ./src/components/personal/now-strip.tsx:44:2
Unterminated regexp literal
  42 |   );
  43 | }
> 44 | </content>
     |  ^^^^^^^^^
  45 | </invoke>

Parsing ecmascript source code failed

Import trace:
  Server Component:
    ./src/components/personal/now-strip.tsx
    ./src/app/personal/page.tsx @ http://localhost:3000/_next/static/chunks/node_modules_next_dist_1gdrd03._.js:1945
[   11150ms] [ERROR] ./src/components/personal/now-strip.tsx:44:1
Expression expected
  42 |   );
  43 | }
> 44 | </content>
     | ^
  45 | </invoke>

Parsing ecmascript source code failed

Import trace:
  Server Component:
    ./src/components/personal/now-strip.tsx
    ./src/app/personal/page.tsx @ http://localhost:3000/_next/static/chunks/node_modules_next_dist_1gdrd03._.js:1945
[   11151ms] [ERROR] ./src/components/personal/now-strip.tsx:44:2
Unterminated regexp literal
  42 |   );
  43 | }
> 44 | </content>
     |  ^^^^^^^^^
  45 | </invoke>

Parsing ecmascript source code failed

Import trace:
  Server Component:
    ./src/components/personal/now-strip.tsx
    ./src/app/personal/page.tsx @ http://localhost:3000/_next/static/chunks/node_modules_next_dist_1gdrd03._.js:1945
[   11218ms] [ERROR] ./src/components/personal/now-strip.tsx:44:1
Expression expected
  42 |   );
  43 | }
> 44 | </content>
     | ^
  45 | </invoke>

Parsing ecmascript source code failed

Import trace:
  Server Component:
    ./src/components/personal/now-strip.tsx
    ./src/app/personal/page.tsx @ http://localhost:3000/_next/static/chunks/node_modules_next_dist_1gdrd03._.js:1945
[   11219ms] [ERROR] ./src/components/personal/now-strip.tsx:44:2
Unterminated regexp literal
  42 |   );
  43 | }
> 44 | </content>
     |  ^^^^^^^^^
  45 | </invoke>

Parsing ecmascript source code failed

Import trace:
  Server Component:
    ./src/components/personal/now-strip.tsx
    ./src/app/personal/page.tsx @ http://localhost:3000/_next/static/chunks/node_modules_next_dist_1gdrd03._.js:1945
[   11273ms] [ERROR] ./src/components/personal/now-strip.tsx:44:1
Expression expected
  42 |   );
  43 | }
> 44 | </content>
     | ^
  45 | </invoke>

Parsing ecmascript source code failed

Import trace:
  Server Component:
    ./src/components/personal/now-strip.tsx
    ./src/app/personal/page.tsx @ http://localhost:3000/_next/static/chunks/node_modules_next_dist_1gdrd03._.js:1945
[   11273ms] [ERROR] ./src/components/personal/now-strip.tsx:44:2
Unterminated regexp literal
  42 |   );
  43 | }
> 44 | </content>
     |  ^^^^^^^^^
  45 | </invoke>

Parsing ecmascript source code failed

Import trace:
  Server Component:
    ./src/components/personal/now-strip.tsx
    ./src/app/personal/page.tsx @ http://localhost:3000/_next/static/chunks/node_modules_next_dist_1gdrd03._.js:1945
[   11334ms] [ERROR] ./src/components/personal/now-strip.tsx:44:1
Expression expected
  42 |   );
  43 | }
> 44 | </content>
     | ^
  45 | </invoke>

Parsing ecmascript source code failed

Import trace:
  Server Component:
    ./src/components/personal/now-strip.tsx
    ./src/app/personal/page.tsx @ http://localhost:3000/_next/static/chunks/node_modules_next_dist_1gdrd03._.js:1945
[   11335ms] [ERROR] ./src/components/personal/now-strip.tsx:44:2
Unterminated regexp literal
  42 |   );
  43 | }
> 44 | </content>
     |  ^^^^^^^^^
  45 | </invoke>

Parsing ecmascript source code failed

Import trace:
  Server Component:
    ./src/components/personal/now-strip.tsx
    ./src/app/personal/page.tsx @ http://localhost:3000/_next/static/chunks/node_modules_next_dist_1gdrd03._.js:1945
[   11398ms] [ERROR] ./src/components/personal/now-strip.tsx:44:1
Expression expected
  42 |   );
  43 | }
> 44 | </content>
     | ^
  45 | </invoke>

Parsing ecmascript source code failed

Import trace:
  Server Component:
    ./src/components/personal/now-strip.tsx
    ./src/app/personal/page.tsx @ http://localhost:3000/_next/static/chunks/node_modules_next_dist_1gdrd03._.js:1945
[   11399ms] [ERROR] ./src/components/personal/now-strip.tsx:44:2
Unterminated regexp literal
  42 |   );
  43 | }
> 44 | </content>
     |  ^^^^^^^^^
  45 | </invoke>

Parsing ecmascript source code failed

Import trace:
  Server Component:
    ./src/components/personal/now-strip.tsx
    ./src/app/personal/page.tsx @ http://localhost:3000/_next/static/chunks/node_modules_next_dist_1gdrd03._.js:1945
[   11460ms] [ERROR] ./src/components/personal/now-strip.tsx:44:1
Expression expected
  42 |   );
  43 | }
> 44 | </content>
     | ^
  45 | </invoke>

Parsing ecmascript source code failed

Import trace:
  Server Component:
    ./src/components/personal/now-strip.tsx
    ./src/app/personal/page.tsx @ http://localhost:3000/_next/static/chunks/node_modules_next_dist_1gdrd03._.js:1945
[   11460ms] [ERROR] ./src/components/personal/now-strip.tsx:44:2
Unterminated regexp literal
  42 |   );
  43 | }
> 44 | </content>
     |  ^^^^^^^^^
  45 | </invoke>

Parsing ecmascript source code failed

Import trace:
  Server Component:
    ./src/components/personal/now-strip.tsx
    ./src/app/personal/page.tsx @ http://localhost:3000/_next/static/chunks/node_modules_next_dist_1gdrd03._.js:1945
[   11521ms] [ERROR] ./src/components/personal/now-strip.tsx:44:1
Expression expected
  42 |   );
  43 | }
> 44 | </content>
     | ^
  45 | </invoke>

Parsing ecmascript source code failed

Import trace:
  Server Component:
    ./src/components/personal/now-strip.tsx
    ./src/app/personal/page.tsx @ http://localhost:3000/_next/static/chunks/node_modules_next_dist_1gdrd03._.js:1945
[   11521ms] [ERROR] ./src/components/personal/now-strip.tsx:44:2
Unterminated regexp literal
  42 |   );
  43 | }
> 44 | </content>
     |  ^^^^^^^^^
  45 | </invoke>

Parsing ecmascript source code failed

Import trace:
  Server Component:
    ./src/components/personal/now-strip.tsx
    ./src/app/personal/page.tsx @ http://localhost:3000/_next/static/chunks/node_modules_next_dist_1gdrd03._.js:1945
[   11585ms] [ERROR] ./src/components/personal/now-strip.tsx:44:1
Expression expected
  42 |   );
  43 | }
> 44 | </content>
     | ^
  45 | </invoke>

Parsing ecmascript source code failed

Import trace:
  Server Component:
    ./src/components/personal/now-strip.tsx
    ./src/app/personal/page.tsx @ http://localhost:3000/_next/static/chunks/node_modules_next_dist_1gdrd03._.js:1945
[   11585ms] [ERROR] ./src/components/personal/now-strip.tsx:44:2
Unterminated regexp literal
  42 |   );
  43 | }
> 44 | </content>
     |  ^^^^^^^^^
  45 | </invoke>

Parsing ecmascript source code failed

Import trace:
  Server Component:
    ./src/components/personal/now-strip.tsx
    ./src/app/personal/page.tsx @ http://localhost:3000/_next/static/chunks/node_modules_next_dist_1gdrd03._.js:1945
[   11646ms] [ERROR] ./src/components/personal/now-strip.tsx:44:1
Expression expected
  42 |   );
  43 | }
> 44 | </content>
     | ^
  45 | </invoke>

Parsing ecmascript source code failed

Import trace:
  Server Component:
    ./src/components/personal/now-strip.tsx
    ./src/app/personal/page.tsx @ http://localhost:3000/_next/static/chunks/node_modules_next_dist_1gdrd03._.js:1945
[   11647ms] [ERROR] ./src/components/personal/now-strip.tsx:44:2
Unterminated regexp literal
  42 |   );
  43 | }
> 44 | </content>
     |  ^^^^^^^^^
  45 | </invoke>

Parsing ecmascript source code failed

Import trace:
  Server Component:
    ./src/components/personal/now-strip.tsx
    ./src/app/personal/page.tsx @ http://localhost:3000/_next/static/chunks/node_modules_next_dist_1gdrd03._.js:1945
[   11710ms] [ERROR] ./src/components/personal/now-strip.tsx:44:1
Expression expected
  42 |   );
  43 | }
> 44 | </content>
     | ^
  45 | </invoke>

Parsing ecmascript source code failed

Import trace:
  Server Component:
    ./src/components/personal/now-strip.tsx
    ./src/app/personal/page.tsx @ http://localhost:3000/_next/static/chunks/node_modules_next_dist_1gdrd03._.js:1945
[   11710ms] [ERROR] ./src/components/personal/now-strip.tsx:44:2
Unterminated regexp literal
  42 |   );
  43 | }
> 44 | </content>
     |  ^^^^^^^^^
  45 | </invoke>

Parsing ecmascript source code failed

Import trace:
  Server Component:
    ./src/components/personal/now-strip.tsx
    ./src/app/personal/page.tsx @ http://localhost:3000/_next/static/chunks/node_modules_next_dist_1gdrd03._.js:1945
[   11773ms] [ERROR] ./src/components/personal/now-strip.tsx:44:1
Expression expected
  42 |   );
  43 | }
> 44 | </content>
     | ^
  45 | </invoke>

Parsing ecmascript source code failed

Import trace:
  Server Component:
    ./src/components/personal/now-strip.tsx
    ./src/app/personal/page.tsx @ http://localhost:3000/_next/static/chunks/node_modules_next_dist_1gdrd03._.js:1945
[   11773ms] [ERROR] ./src/components/personal/now-strip.tsx:44:2
Unterminated regexp literal
  42 |   );
  43 | }
> 44 | </content>
     |  ^^^^^^^^^
  45 | </invoke>

Parsing ecmascript source code failed

Import trace:
  Server Component:
    ./src/components/personal/now-strip.tsx
    ./src/app/personal/page.tsx @ http://localhost:3000/_next/static/chunks/node_modules_next_dist_1gdrd03._.js:1945
[   11837ms] [ERROR] ./src/components/personal/now-strip.tsx:44:1
Expression expected
  42 |   );
  43 | }
> 44 | </content>
     | ^
  45 | </invoke>

Parsing ecmascript source code failed

Import trace:
  Server Component:
    ./src/components/personal/now-strip.tsx
    ./src/app/personal/page.tsx @ http://localhost:3000/_next/static/chunks/node_modules_next_dist_1gdrd03._.js:1945
[   11837ms] [ERROR] ./src/components/personal/now-strip.tsx:44:2
Unterminated regexp literal
  42 |   );
  43 | }
> 44 | </content>
     |  ^^^^^^^^^
  45 | </invoke>

Parsing ecmascript source code failed

Import trace:
  Server Component:
    ./src/components/personal/now-strip.tsx
    ./src/app/personal/page.tsx @ http://localhost:3000/_next/static/chunks/node_modules_next_dist_1gdrd03._.js:1945
[   11898ms] [ERROR] ./src/components/personal/now-strip.tsx:44:1
Expression expected
  42 |   );
  43 | }
> 44 | </content>
     | ^
  45 | </invoke>

Parsing ecmascript source code failed

Import trace:
  Server Component:
    ./src/components/personal/now-strip.tsx
    ./src/app/personal/page.tsx @ http://localhost:3000/_next/static/chunks/node_modules_next_dist_1gdrd03._.js:1945
[   11898ms] [ERROR] ./src/components/personal/now-strip.tsx:44:2
Unterminated regexp literal
  42 |   );
  43 | }
> 44 | </content>
     |  ^^^^^^^^^
  45 | </invoke>

Parsing ecmascript source code failed

Import trace:
  Server Component:
    ./src/components/personal/now-strip.tsx
    ./src/app/personal/page.tsx @ http://localhost:3000/_next/static/chunks/node_modules_next_dist_1gdrd03._.js:1945
[   11962ms] [ERROR] ./src/components/personal/now-strip.tsx:44:1
Expression expected
  42 |   );
  43 | }
> 44 | </content>
     | ^
  45 | </invoke>

Parsing ecmascript source code failed

Import trace:
  Server Component:
    ./src/components/personal/now-strip.tsx
    ./src/app/personal/page.tsx @ http://localhost:3000/_next/static/chunks/node_modules_next_dist_1gdrd03._.js:1945
[   11963ms] [ERROR] ./src/components/personal/now-strip.tsx:44:2
Unterminated regexp literal
  42 |   );
  43 | }
> 44 | </content>
     |  ^^^^^^^^^
  45 | </invoke>

Parsing ecmascript source code failed

Import trace:
  Server Component:
    ./src/components/personal/now-strip.tsx
    ./src/app/personal/page.tsx @ http://localhost:3000/_next/static/chunks/node_modules_next_dist_1gdrd03._.js:1945
[   12025ms] [ERROR] ./src/components/personal/now-strip.tsx:44:1
Expression expected
  42 |   );
  43 | }
> 44 | </content>
     | ^
  45 | </invoke>

Parsing ecmascript source code failed

Import trace:
  Server Component:
    ./src/components/personal/now-strip.tsx
    ./src/app/personal/page.tsx @ http://localhost:3000/_next/static/chunks/node_modules_next_dist_1gdrd03._.js:1945
[   12025ms] [ERROR] ./src/components/personal/now-strip.tsx:44:2
Unterminated regexp literal
  42 |   );
  43 | }
> 44 | </content>
     |  ^^^^^^^^^
  45 | </invoke>

Parsing ecmascript source code failed

Import trace:
  Server Component:
    ./src/components/personal/now-strip.tsx
    ./src/app/personal/page.tsx @ http://localhost:3000/_next/static/chunks/node_modules_next_dist_1gdrd03._.js:1945
[   12085ms] [ERROR] ./src/components/personal/now-strip.tsx:44:1
Expression expected
  42 |   );
  43 | }
> 44 | </content>
     | ^
  45 | </invoke>

Parsing ecmascript source code failed

Import trace:
  Server Component:
    ./src/components/personal/now-strip.tsx
    ./src/app/personal/page.tsx @ http://localhost:3000/_next/static/chunks/node_modules_next_dist_1gdrd03._.js:1945
[   12086ms] [ERROR] ./src/components/personal/now-strip.tsx:44:2
Unterminated regexp literal
  42 |   );
  43 | }
> 44 | </content>
     |  ^^^^^^^^^
  45 | </invoke>

Parsing ecmascript source code failed

Import trace:
  Server Component:
    ./src/components/personal/now-strip.tsx
    ./src/app/personal/page.tsx @ http://localhost:3000/_next/static/chunks/node_modules_next_dist_1gdrd03._.js:1945
[   12147ms] [ERROR] ./src/components/personal/now-strip.tsx:44:1
Expression expected
  42 |   );
  43 | }
> 44 | </content>
     | ^
  45 | </invoke>

Parsing ecmascript source code failed

Import trace:
  Server Component:
    ./src/components/personal/now-strip.tsx
    ./src/app/personal/page.tsx @ http://localhost:3000/_next/static/chunks/node_modules_next_dist_1gdrd03._.js:1945
[   12147ms] [ERROR] ./src/components/personal/now-strip.tsx:44:2
Unterminated regexp literal
  42 |   );
  43 | }
> 44 | </content>
     |  ^^^^^^^^^
  45 | </invoke>

Parsing ecmascript source code failed

Import trace:
  Server Component:
    ./src/components/personal/now-strip.tsx
    ./src/app/personal/page.tsx @ http://localhost:3000/_next/static/chunks/node_modules_next_dist_1gdrd03._.js:1945
[   12209ms] [ERROR] ./src/components/personal/now-strip.tsx:44:1
Expression expected
  42 |   );
  43 | }
> 44 | </content>
     | ^
  45 | </invoke>

Parsing ecmascript source code failed

Import trace:
  Server Component:
    ./src/components/personal/now-strip.tsx
    ./src/app/personal/page.tsx @ http://localhost:3000/_next/static/chunks/node_modules_next_dist_1gdrd03._.js:1945
[   12210ms] [ERROR] ./src/components/personal/now-strip.tsx:44:2
Unterminated regexp literal
  42 |   );
  43 | }
> 44 | </content>
     |  ^^^^^^^^^
  45 | </invoke>

Parsing ecmascript source code failed

Import trace:
  Server Component:
    ./src/components/personal/now-strip.tsx
    ./src/app/personal/page.tsx @ http://localhost:3000/_next/static/chunks/node_modules_next_dist_1gdrd03._.js:1945
[   12272ms] [ERROR] ./src/components/personal/now-strip.tsx:44:1
Expression expected
  42 |   );
  43 | }
> 44 | </content>
     | ^
  45 | </invoke>

Parsing ecmascript source code failed

Import trace:
  Server Component:
    ./src/components/personal/now-strip.tsx
    ./src/app/personal/page.tsx @ http://localhost:3000/_next/static/chunks/node_modules_next_dist_1gdrd03._.js:1945
[   12273ms] [ERROR] ./src/components/personal/now-strip.tsx:44:2
Unterminated regexp literal
  42 |   );
  43 | }
> 44 | </content>
     |  ^^^^^^^^^
  45 | </invoke>

Parsing ecmascript source code failed

Import trace:
  Server Component:
    ./src/components/personal/now-strip.tsx
    ./src/app/personal/page.tsx @ http://localhost:3000/_next/static/chunks/node_modules_next_dist_1gdrd03._.js:1945
[   12334ms] [ERROR] ./src/components/personal/now-strip.tsx:44:1
Expression expected
  42 |   );
  43 | }
> 44 | </content>
     | ^
  45 | </invoke>

Parsing ecmascript source code failed

Import trace:
  Server Component:
    ./src/components/personal/now-strip.tsx
    ./src/app/personal/page.tsx @ http://localhost:3000/_next/static/chunks/node_modules_next_dist_1gdrd03._.js:1945
[   12334ms] [ERROR] ./src/components/personal/now-strip.tsx:44:2
Unterminated regexp literal
  42 |   );
  43 | }
> 44 | </content>
     |  ^^^^^^^^^
  45 | </invoke>

Parsing ecmascript source code failed

Import trace:
  Server Component:
    ./src/components/personal/now-strip.tsx
    ./src/app/personal/page.tsx @ http://localhost:3000/_next/static/chunks/node_modules_next_dist_1gdrd03._.js:1945
[   12395ms] [ERROR] ./src/components/personal/now-strip.tsx:44:1
Expression expected
  42 |   );
  43 | }
> 44 | </content>
     | ^
  45 | </invoke>

Parsing ecmascript source code failed

Import trace:
  Server Component:
    ./src/components/personal/now-strip.tsx
    ./src/app/personal/page.tsx @ http://localhost:3000/_next/static/chunks/node_modules_next_dist_1gdrd03._.js:1945
[   12395ms] [ERROR] ./src/components/personal/now-strip.tsx:44:2
Unterminated regexp literal
  42 |   );
  43 | }
> 44 | </content>
     |  ^^^^^^^^^
  45 | </invoke>

Parsing ecmascript source code failed

Import trace:
  Server Component:
    ./src/components/personal/now-strip.tsx
    ./src/app/personal/page.tsx @ http://localhost:3000/_next/static/chunks/node_modules_next_dist_1gdrd03._.js:1945
[   12458ms] [ERROR] ./src/components/personal/now-strip.tsx:44:1
Expression expected
  42 |   );
  43 | }
> 44 | </content>
     | ^
  45 | </invoke>

Parsing ecmascript source code failed

Import trace:
  Server Component:
    ./src/components/personal/now-strip.tsx
    ./src/app/personal/page.tsx @ http://localhost:3000/_next/static/chunks/node_modules_next_dist_1gdrd03._.js:1945
[   12458ms] [ERROR] ./src/components/personal/now-strip.tsx:44:2
Unterminated regexp literal
  42 |   );
  43 | }
> 44 | </content>
     |  ^^^^^^^^^
  45 | </invoke>

Parsing ecmascript source code failed

Import trace:
  Server Component:
    ./src/components/personal/now-strip.tsx
    ./src/app/personal/page.tsx @ http://localhost:3000/_next/static/chunks/node_modules_next_dist_1gdrd03._.js:1945
[   12522ms] [ERROR] ./src/components/personal/now-strip.tsx:44:1
Expression expected
  42 |   );
  43 | }
> 44 | </content>
     | ^
  45 | </invoke>

Parsing ecmascript source code failed

Import trace:
  Server Component:
    ./src/components/personal/now-strip.tsx
    ./src/app/personal/page.tsx @ http://localhost:3000/_next/static/chunks/node_modules_next_dist_1gdrd03._.js:1945
[   12522ms] [ERROR] ./src/components/personal/now-strip.tsx:44:2
Unterminated regexp literal
  42 |   );
  43 | }
> 44 | </content>
     |  ^^^^^^^^^
  45 | </invoke>

Parsing ecmascript source code failed

Import trace:
  Server Component:
    ./src/components/personal/now-strip.tsx
    ./src/app/personal/page.tsx @ http://localhost:3000/_next/static/chunks/node_modules_next_dist_1gdrd03._.js:1945
[   12583ms] [ERROR] ./src/components/personal/now-strip.tsx:44:1
Expression expected
  42 |   );
  43 | }
> 44 | </content>
     | ^
  45 | </invoke>

Parsing ecmascript source code failed

Import trace:
  Server Component:
    ./src/components/personal/now-strip.tsx
    ./src/app/personal/page.tsx @ http://localhost:3000/_next/static/chunks/node_modules_next_dist_1gdrd03._.js:1945
[   12583ms] [ERROR] ./src/components/personal/now-strip.tsx:44:2
Unterminated regexp literal
  42 |   );
  43 | }
> 44 | </content>
     |  ^^^^^^^^^
  45 | </invoke>

Parsing ecmascript source code failed

Import trace:
  Server Component:
    ./src/components/personal/now-strip.tsx
    ./src/app/personal/page.tsx @ http://localhost:3000/_next/static/chunks/node_modules_next_dist_1gdrd03._.js:1945
[   12670ms] [ERROR] ./src/components/personal/now-strip.tsx:44:1
Expression expected
  42 |   );
  43 | }
> 44 | </content>
     | ^
  45 | </invoke>

Parsing ecmascript source code failed

Import trace:
  Server Component:
    ./src/components/personal/now-strip.tsx
    ./src/app/personal/page.tsx @ http://localhost:3000/_next/static/chunks/node_modules_next_dist_1gdrd03._.js:1945
[   12670ms] [ERROR] ./src/components/personal/now-strip.tsx:44:2
Unterminated regexp literal
  42 |   );
  43 | }
> 44 | </content>
     |  ^^^^^^^^^
  45 | </invoke>

Parsing ecmascript source code failed

Import trace:
  Server Component:
    ./src/components/personal/now-strip.tsx
    ./src/app/personal/page.tsx @ http://localhost:3000/_next/static/chunks/node_modules_next_dist_1gdrd03._.js:1945
[   12739ms] [ERROR] ./src/components/personal/now-strip.tsx:44:1
Expression expected
  42 |   );
  43 | }
> 44 | </content>
     | ^
  45 | </invoke>

Parsing ecmascript source code failed

Import trace:
  Server Component:
    ./src/components/personal/now-strip.tsx
    ./src/app/personal/page.tsx @ http://localhost:3000/_next/static/chunks/node_modules_next_dist_1gdrd03._.js:1945
[   12740ms] [ERROR] ./src/components/personal/now-strip.tsx:44:2
Unterminated regexp literal
  42 |   );
  43 | }
> 44 | </content>
     |  ^^^^^^^^^
  45 | </invoke>

Parsing ecmascript source code failed

Import trace:
  Server Component:
    ./src/components/personal/now-strip.tsx
    ./src/app/personal/page.tsx @ http://localhost:3000/_next/static/chunks/node_modules_next_dist_1gdrd03._.js:1945
[   12801ms] [ERROR] ./src/components/personal/now-strip.tsx:44:1
Expression expected
  42 |   );
  43 | }
> 44 | </content>
     | ^
  45 | </invoke>

Parsing ecmascript source code failed

Import trace:
  Server Component:
    ./src/components/personal/now-strip.tsx
    ./src/app/personal/page.tsx @ http://localhost:3000/_next/static/chunks/node_modules_next_dist_1gdrd03._.js:1945
[   12801ms] [ERROR] ./src/components/personal/now-strip.tsx:44:2
Unterminated regexp literal
  42 |   );
  43 | }
> 44 | </content>
     |  ^^^^^^^^^
  45 | </invoke>

Parsing ecmascript source code failed

Import trace:
  Server Component:
    ./src/components/personal/now-strip.tsx
    ./src/app/personal/page.tsx @ http://localhost:3000/_next/static/chunks/node_modules_next_dist_1gdrd03._.js:1945
[   12863ms] [ERROR] ./src/components/personal/now-strip.tsx:44:1
Expression expected
  42 |   );
  43 | }
> 44 | </content>
     | ^
  45 | </invoke>

Parsing ecmascript source code failed

Import trace:
  Server Component:
    ./src/components/personal/now-strip.tsx
    ./src/app/personal/page.tsx @ http://localhost:3000/_next/static/chunks/node_modules_next_dist_1gdrd03._.js:1945
[   12863ms] [ERROR] ./src/components/personal/now-strip.tsx:44:2
Unterminated regexp literal
  42 |   );
  43 | }
> 44 | </content>
     |  ^^^^^^^^^
  45 | </invoke>

Parsing ecmascript source code failed

Import trace:
  Server Component:
    ./src/components/personal/now-strip.tsx
    ./src/app/personal/page.tsx @ http://localhost:3000/_next/static/chunks/node_modules_next_dist_1gdrd03._.js:1945
[   12926ms] [ERROR] ./src/components/personal/now-strip.tsx:44:1
Expression expected
  42 |   );
  43 | }
> 44 | </content>
     | ^
  45 | </invoke>

Parsing ecmascript source code failed

Import trace:
  Server Component:
    ./src/components/personal/now-strip.tsx
    ./src/app/personal/page.tsx @ http://localhost:3000/_next/static/chunks/node_modules_next_dist_1gdrd03._.js:1945
[   12927ms] [ERROR] ./src/components/personal/now-strip.tsx:44:2
Unterminated regexp literal
  42 |   );
  43 | }
> 44 | </content>
     |  ^^^^^^^^^
  45 | </invoke>

Parsing ecmascript source code failed

Import trace:
  Server Component:
    ./src/components/personal/now-strip.tsx
    ./src/app/personal/page.tsx @ http://localhost:3000/_next/static/chunks/node_modules_next_dist_1gdrd03._.js:1945
[   12987ms] [ERROR] ./src/components/personal/now-strip.tsx:44:1
Expression expected
  42 |   );
  43 | }
> 44 | </content>
     | ^
  45 | </invoke>

Parsing ecmascript source code failed

Import trace:
  Server Component:
    ./src/components/personal/now-strip.tsx
    ./src/app/personal/page.tsx @ http://localhost:3000/_next/static/chunks/node_modules_next_dist_1gdrd03._.js:1945
[   12987ms] [ERROR] ./src/components/personal/now-strip.tsx:44:2
Unterminated regexp literal
  42 |   );
  43 | }
> 44 | </content>
     |  ^^^^^^^^^
  45 | </invoke>

Parsing ecmascript source code failed

Import trace:
  Server Component:
    ./src/components/personal/now-strip.tsx
    ./src/app/personal/page.tsx @ http://localhost:3000/_next/static/chunks/node_modules_next_dist_1gdrd03._.js:1945
[   13049ms] [ERROR] ./src/components/personal/now-strip.tsx:44:1
Expression expected
  42 |   );
  43 | }
> 44 | </content>
     | ^
  45 | </invoke>

Parsing ecmascript source code failed

Import trace:
  Server Component:
    ./src/components/personal/now-strip.tsx
    ./src/app/personal/page.tsx @ http://localhost:3000/_next/static/chunks/node_modules_next_dist_1gdrd03._.js:1945
[   13049ms] [ERROR] ./src/components/personal/now-strip.tsx:44:2
Unterminated regexp literal
  42 |   );
  43 | }
> 44 | </content>
     |  ^^^^^^^^^
  45 | </invoke>

Parsing ecmascript source code failed

Import trace:
  Server Component:
    ./src/components/personal/now-strip.tsx
    ./src/app/personal/page.tsx @ http://localhost:3000/_next/static/chunks/node_modules_next_dist_1gdrd03._.js:1945
[   13112ms] [ERROR] ./src/components/personal/now-strip.tsx:44:1
Expression expected
  42 |   );
  43 | }
> 44 | </content>
     | ^
  45 | </invoke>

Parsing ecmascript source code failed

Import trace:
  Server Component:
    ./src/components/personal/now-strip.tsx
    ./src/app/personal/page.tsx @ http://localhost:3000/_next/static/chunks/node_modules_next_dist_1gdrd03._.js:1945
[   13112ms] [ERROR] ./src/components/personal/now-strip.tsx:44:2
Unterminated regexp literal
  42 |   );
  43 | }
> 44 | </content>
     |  ^^^^^^^^^
  45 | </invoke>

Parsing ecmascript source code failed

Import trace:
  Server Component:
    ./src/components/personal/now-strip.tsx
    ./src/app/personal/page.tsx @ http://localhost:3000/_next/static/chunks/node_modules_next_dist_1gdrd03._.js:1945
[   13172ms] [ERROR] ./src/components/personal/now-strip.tsx:44:1
Expression expected
  42 |   );
  43 | }
> 44 | </content>
     | ^
  45 | </invoke>

Parsing ecmascript source code failed

Import trace:
  Server Component:
    ./src/components/personal/now-strip.tsx
    ./src/app/personal/page.tsx @ http://localhost:3000/_next/static/chunks/node_modules_next_dist_1gdrd03._.js:1945
[   13172ms] [ERROR] ./src/components/personal/now-strip.tsx:44:2
Unterminated regexp literal
  42 |   );
  43 | }
> 44 | </content>
     |  ^^^^^^^^^
  45 | </invoke>

Parsing ecmascript source code failed

Import trace:
  Server Component:
    ./src/components/personal/now-strip.tsx
    ./src/app/personal/page.tsx @ http://localhost:3000/_next/static/chunks/node_modules_next_dist_1gdrd03._.js:1945
[   13234ms] [ERROR] ./src/components/personal/now-strip.tsx:44:1
Expression expected
  42 |   );
  43 | }
> 44 | </content>
     | ^
  45 | </invoke>

Parsing ecmascript source code failed

Import trace:
  Server Component:
    ./src/components/personal/now-strip.tsx
    ./src/app/personal/page.tsx @ http://localhost:3000/_next/static/chunks/node_modules_next_dist_1gdrd03._.js:1945
[   13235ms] [ERROR] ./src/components/personal/now-strip.tsx:44:2
Unterminated regexp literal
  42 |   );
  43 | }
> 44 | </content>
     |  ^^^^^^^^^
  45 | </invoke>

Parsing ecmascript source code failed

Import trace:
  Server Component:
    ./src/components/personal/now-strip.tsx
    ./src/app/personal/page.tsx @ http://localhost:3000/_next/static/chunks/node_modules_next_dist_1gdrd03._.js:1945
[   13300ms] [ERROR] ./src/components/personal/now-strip.tsx:44:1
Expression expected
  42 |   );
  43 | }
> 44 | </content>
     | ^
  45 | </invoke>

Parsing ecmascript source code failed

Import trace:
  Server Component:
    ./src/components/personal/now-strip.tsx
    ./src/app/personal/page.tsx @ http://localhost:3000/_next/static/chunks/node_modules_next_dist_1gdrd03._.js:1945
[   13300ms] [ERROR] ./src/components/personal/now-strip.tsx:44:2
Unterminated regexp literal
  42 |   );
  43 | }
> 44 | </content>
     |  ^^^^^^^^^
  45 | </invoke>

Parsing ecmascript source code failed

Import trace:
  Server Component:
    ./src/components/personal/now-strip.tsx
    ./src/app/personal/page.tsx @ http://localhost:3000/_next/static/chunks/node_modules_next_dist_1gdrd03._.js:1945
[   13362ms] [ERROR] ./src/components/personal/now-strip.tsx:44:1
Expression expected
  42 |   );
  43 | }
> 44 | </content>
     | ^
  45 | </invoke>

Parsing ecmascript source code failed

Import trace:
  Server Component:
    ./src/components/personal/now-strip.tsx
    ./src/app/personal/page.tsx @ http://localhost:3000/_next/static/chunks/node_modules_next_dist_1gdrd03._.js:1945
[   13363ms] [ERROR] ./src/components/personal/now-strip.tsx:44:2
Unterminated regexp literal
  42 |   );
  43 | }
> 44 | </content>
     |  ^^^^^^^^^
  45 | </invoke>

Parsing ecmascript source code failed

Import trace:
  Server Component:
    ./src/components/personal/now-strip.tsx
    ./src/app/personal/page.tsx @ http://localhost:3000/_next/static/chunks/node_modules_next_dist_1gdrd03._.js:1945
[   13425ms] [ERROR] ./src/components/personal/now-strip.tsx:44:1
Expression expected
  42 |   );
  43 | }
> 44 | </content>
     | ^
  45 | </invoke>

Parsing ecmascript source code failed

Import trace:
  Server Component:
    ./src/components/personal/now-strip.tsx
    ./src/app/personal/page.tsx @ http://localhost:3000/_next/static/chunks/node_modules_next_dist_1gdrd03._.js:1945
[   13426ms] [ERROR] ./src/components/personal/now-strip.tsx:44:2
Unterminated regexp literal
  42 |   );
  43 | }
> 44 | </content>
     |  ^^^^^^^^^
  45 | </invoke>

Parsing ecmascript source code failed

Import trace:
  Server Component:
    ./src/components/personal/now-strip.tsx
    ./src/app/personal/page.tsx @ http://localhost:3000/_next/static/chunks/node_modules_next_dist_1gdrd03._.js:1945
[   13485ms] [ERROR] ./src/components/personal/now-strip.tsx:44:1
Expression expected
  42 |   );
  43 | }
> 44 | </content>
     | ^
  45 | </invoke>

Parsing ecmascript source code failed

Import trace:
  Server Component:
    ./src/components/personal/now-strip.tsx
    ./src/app/personal/page.tsx @ http://localhost:3000/_next/static/chunks/node_modules_next_dist_1gdrd03._.js:1945
[   13486ms] [ERROR] ./src/components/personal/now-strip.tsx:44:2
Unterminated regexp literal
  42 |   );
  43 | }
> 44 | </content>
     |  ^^^^^^^^^
  45 | </invoke>

Parsing ecmascript source code failed

Import trace:
  Server Component:
    ./src/components/personal/now-strip.tsx
    ./src/app/personal/page.tsx @ http://localhost:3000/_next/static/chunks/node_modules_next_dist_1gdrd03._.js:1945
[   13550ms] [ERROR] ./src/components/personal/now-strip.tsx:44:1
Expression expected
  42 |   );
  43 | }
> 44 | </content>
     | ^
  45 | </invoke>

Parsing ecmascript source code failed

Import trace:
  Server Component:
    ./src/components/personal/now-strip.tsx
    ./src/app/personal/page.tsx @ http://localhost:3000/_next/static/chunks/node_modules_next_dist_1gdrd03._.js:1945
[   13551ms] [ERROR] ./src/components/personal/now-strip.tsx:44:2
Unterminated regexp literal
  42 |   );
  43 | }
> 44 | </content>
     |  ^^^^^^^^^
  45 | </invoke>

Parsing ecmascript source code failed

Import trace:
  Server Component:
    ./src/components/personal/now-strip.tsx
    ./src/app/personal/page.tsx @ http://localhost:3000/_next/static/chunks/node_modules_next_dist_1gdrd03._.js:1945
[   13612ms] [ERROR] ./src/components/personal/now-strip.tsx:44:1
Expression expected
  42 |   );
  43 | }
> 44 | </content>
     | ^
  45 | </invoke>

Parsing ecmascript source code failed

Import trace:
  Server Component:
    ./src/components/personal/now-strip.tsx
    ./src/app/personal/page.tsx @ http://localhost:3000/_next/static/chunks/node_modules_next_dist_1gdrd03._.js:1945
[   13613ms] [ERROR] ./src/components/personal/now-strip.tsx:44:2
Unterminated regexp literal
  42 |   );
  43 | }
> 44 | </content>
     |  ^^^^^^^^^
  45 | </invoke>

Parsing ecmascript source code failed

Import trace:
  Server Component:
    ./src/components/personal/now-strip.tsx
    ./src/app/personal/page.tsx @ http://localhost:3000/_next/static/chunks/node_modules_next_dist_1gdrd03._.js:1945
[   13674ms] [ERROR] ./src/components/personal/now-strip.tsx:44:1
Expression expected
  42 |   );
  43 | }
> 44 | </content>
     | ^
  45 | </invoke>

Parsing ecmascript source code failed

Import trace:
  Server Component:
    ./src/components/personal/now-strip.tsx
    ./src/app/personal/page.tsx @ http://localhost:3000/_next/static/chunks/node_modules_next_dist_1gdrd03._.js:1945
[   13674ms] [ERROR] ./src/components/personal/now-strip.tsx:44:2
Unterminated regexp literal
  42 |   );
  43 | }
> 44 | </content>
     |  ^^^^^^^^^
  45 | </invoke>

Parsing ecmascript source code failed

Import trace:
  Server Component:
    ./src/components/personal/now-strip.tsx
    ./src/app/personal/page.tsx @ http://localhost:3000/_next/static/chunks/node_modules_next_dist_1gdrd03._.js:1945
[   13737ms] [ERROR] ./src/components/personal/now-strip.tsx:44:1
Expression expected
  42 |   );
  43 | }
> 44 | </content>
     | ^
  45 | </invoke>

Parsing ecmascript source code failed

Import trace:
  Server Component:
    ./src/components/personal/now-strip.tsx
    ./src/app/personal/page.tsx @ http://localhost:3000/_next/static/chunks/node_modules_next_dist_1gdrd03._.js:1945
[   13737ms] [ERROR] ./src/components/personal/now-strip.tsx:44:2
Unterminated regexp literal
  42 |   );
  43 | }
> 44 | </content>
     |  ^^^^^^^^^
  45 | </invoke>

Parsing ecmascript source code failed

Import trace:
  Server Component:
    ./src/components/personal/now-strip.tsx
    ./src/app/personal/page.tsx @ http://localhost:3000/_next/static/chunks/node_modules_next_dist_1gdrd03._.js:1945
[   13796ms] [ERROR] ./src/components/personal/now-strip.tsx:44:1
Expression expected
  42 |   );
  43 | }
> 44 | </content>
     | ^
  45 | </invoke>

Parsing ecmascript source code failed

Import trace:
  Server Component:
    ./src/components/personal/now-strip.tsx
    ./src/app/personal/page.tsx @ http://localhost:3000/_next/static/chunks/node_modules_next_dist_1gdrd03._.js:1945
[   13796ms] [ERROR] ./src/components/personal/now-strip.tsx:44:2
Unterminated regexp literal
  42 |   );
  43 | }
> 44 | </content>
     |  ^^^^^^^^^
  45 | </invoke>

Parsing ecmascript source code failed

Import trace:
  Server Component:
    ./src/components/personal/now-strip.tsx
    ./src/app/personal/page.tsx @ http://localhost:3000/_next/static/chunks/node_modules_next_dist_1gdrd03._.js:1945
[   13857ms] [ERROR] ./src/components/personal/now-strip.tsx:44:1
Expression expected
  42 |   );
  43 | }
> 44 | </content>
     | ^
  45 | </invoke>

Parsing ecmascript source code failed

Import trace:
  Server Component:
    ./src/components/personal/now-strip.tsx
    ./src/app/personal/page.tsx @ http://localhost:3000/_next/static/chunks/node_modules_next_dist_1gdrd03._.js:1945
[   13857ms] [ERROR] ./src/components/personal/now-strip.tsx:44:2
Unterminated regexp literal
  42 |   );
  43 | }
> 44 | </content>
     |  ^^^^^^^^^
  45 | </invoke>

Parsing ecmascript source code failed

Import trace:
  Server Component:
    ./src/components/personal/now-strip.tsx
    ./src/app/personal/page.tsx @ http://localhost:3000/_next/static/chunks/node_modules_next_dist_1gdrd03._.js:1945
[   13921ms] [ERROR] ./src/components/personal/now-strip.tsx:44:1
Expression expected
  42 |   );
  43 | }
> 44 | </content>
     | ^
  45 | </invoke>

Parsing ecmascript source code failed

Import trace:
  Server Component:
    ./src/components/personal/now-strip.tsx
    ./src/app/personal/page.tsx @ http://localhost:3000/_next/static/chunks/node_modules_next_dist_1gdrd03._.js:1945
[   13921ms] [ERROR] ./src/components/personal/now-strip.tsx:44:2
Unterminated regexp literal
  42 |   );
  43 | }
> 44 | </content>
     |  ^^^^^^^^^
  45 | </invoke>

Parsing ecmascript source code failed

Import trace:
  Server Component:
    ./src/components/personal/now-strip.tsx
    ./src/app/personal/page.tsx @ http://localhost:3000/_next/static/chunks/node_modules_next_dist_1gdrd03._.js:1945
[   13984ms] [ERROR] ./src/components/personal/now-strip.tsx:44:1
Expression expected
  42 |   );
  43 | }
> 44 | </content>
     | ^
  45 | </invoke>

Parsing ecmascript source code failed

Import trace:
  Server Component:
    ./src/components/personal/now-strip.tsx
    ./src/app/personal/page.tsx @ http://localhost:3000/_next/static/chunks/node_modules_next_dist_1gdrd03._.js:1945
[   13984ms] [ERROR] ./src/components/personal/now-strip.tsx:44:2
Unterminated regexp literal
  42 |   );
  43 | }
> 44 | </content>
     |  ^^^^^^^^^
  45 | </invoke>

Parsing ecmascript source code failed

Import trace:
  Server Component:
    ./src/components/personal/now-strip.tsx
    ./src/app/personal/page.tsx @ http://localhost:3000/_next/static/chunks/node_modules_next_dist_1gdrd03._.js:1945
[   14045ms] [ERROR] ./src/components/personal/now-strip.tsx:44:1
Expression expected
  42 |   );
  43 | }
> 44 | </content>
     | ^
  45 | </invoke>

Parsing ecmascript source code failed

Import trace:
  Server Component:
    ./src/components/personal/now-strip.tsx
    ./src/app/personal/page.tsx @ http://localhost:3000/_next/static/chunks/node_modules_next_dist_1gdrd03._.js:1945
[   14045ms] [ERROR] ./src/components/personal/now-strip.tsx:44:2
Unterminated regexp literal
  42 |   );
  43 | }
> 44 | </content>
     |  ^^^^^^^^^
  45 | </invoke>

Parsing ecmascript source code failed

Import trace:
  Server Component:
    ./src/components/personal/now-strip.tsx
    ./src/app/personal/page.tsx @ http://localhost:3000/_next/static/chunks/node_modules_next_dist_1gdrd03._.js:1945
[   14107ms] [ERROR] ./src/components/personal/now-strip.tsx:44:1
Expression expected
  42 |   );
  43 | }
> 44 | </content>
     | ^
  45 | </invoke>

Parsing ecmascript source code failed

Import trace:
  Server Component:
    ./src/components/personal/now-strip.tsx
    ./src/app/personal/page.tsx @ http://localhost:3000/_next/static/chunks/node_modules_next_dist_1gdrd03._.js:1945
[   14107ms] [ERROR] ./src/components/personal/now-strip.tsx:44:2
Unterminated regexp literal
  42 |   );
  43 | }
> 44 | </content>
     |  ^^^^^^^^^
  45 | </invoke>

Parsing ecmascript source code failed

Import trace:
  Server Component:
    ./src/components/personal/now-strip.tsx
    ./src/app/personal/page.tsx @ http://localhost:3000/_next/static/chunks/node_modules_next_dist_1gdrd03._.js:1945
[   14170ms] [ERROR] ./src/components/personal/now-strip.tsx:44:1
Expression expected
  42 |   );
  43 | }
> 44 | </content>
     | ^
  45 | </invoke>

Parsing ecmascript source code failed

Import trace:
  Server Component:
    ./src/components/personal/now-strip.tsx
    ./src/app/personal/page.tsx @ http://localhost:3000/_next/static/chunks/node_modules_next_dist_1gdrd03._.js:1945
[   14170ms] [ERROR] ./src/components/personal/now-strip.tsx:44:2
Unterminated regexp literal
  42 |   );
  43 | }
> 44 | </content>
     |  ^^^^^^^^^
  45 | </invoke>

Parsing ecmascript source code failed

Import trace:
  Server Component:
    ./src/components/personal/now-strip.tsx
    ./src/app/personal/page.tsx @ http://localhost:3000/_next/static/chunks/node_modules_next_dist_1gdrd03._.js:1945
[   14233ms] [ERROR] ./src/components/personal/now-strip.tsx:44:1
Expression expected
  42 |   );
  43 | }
> 44 | </content>
     | ^
  45 | </invoke>

Parsing ecmascript source code failed

Import trace:
  Server Component:
    ./src/components/personal/now-strip.tsx
    ./src/app/personal/page.tsx @ http://localhost:3000/_next/static/chunks/node_modules_next_dist_1gdrd03._.js:1945
[   14233ms] [ERROR] ./src/components/personal/now-strip.tsx:44:2
Unterminated regexp literal
  42 |   );
  43 | }
> 44 | </content>
     |  ^^^^^^^^^
  45 | </invoke>

Parsing ecmascript source code failed

Import trace:
  Server Component:
    ./src/components/personal/now-strip.tsx
    ./src/app/personal/page.tsx @ http://localhost:3000/_next/static/chunks/node_modules_next_dist_1gdrd03._.js:1945
[   14294ms] [ERROR] ./src/components/personal/now-strip.tsx:44:1
Expression expected
  42 |   );
  43 | }
> 44 | </content>
     | ^
  45 | </invoke>

Parsing ecmascript source code failed

Import trace:
  Server Component:
    ./src/components/personal/now-strip.tsx
    ./src/app/personal/page.tsx @ http://localhost:3000/_next/static/chunks/node_modules_next_dist_1gdrd03._.js:1945
[   14295ms] [ERROR] ./src/components/personal/now-strip.tsx:44:2
Unterminated regexp literal
  42 |   );
  43 | }
> 44 | </content>
     |  ^^^^^^^^^
  45 | </invoke>

Parsing ecmascript source code failed

Import trace:
  Server Component:
    ./src/components/personal/now-strip.tsx
    ./src/app/personal/page.tsx @ http://localhost:3000/_next/static/chunks/node_modules_next_dist_1gdrd03._.js:1945
[   14357ms] [ERROR] ./src/components/personal/now-strip.tsx:44:1
Expression expected
  42 |   );
  43 | }
> 44 | </content>
     | ^
  45 | </invoke>

Parsing ecmascript source code failed

Import trace:
  Server Component:
    ./src/components/personal/now-strip.tsx
    ./src/app/personal/page.tsx @ http://localhost:3000/_next/static/chunks/node_modules_next_dist_1gdrd03._.js:1945
[   14357ms] [ERROR] ./src/components/personal/now-strip.tsx:44:2
Unterminated regexp literal
  42 |   );
  43 | }
> 44 | </content>
     |  ^^^^^^^^^
  45 | </invoke>

Parsing ecmascript source code failed

Import trace:
  Server Component:
    ./src/components/personal/now-strip.tsx
    ./src/app/personal/page.tsx @ http://localhost:3000/_next/static/chunks/node_modules_next_dist_1gdrd03._.js:1945
[   14420ms] [ERROR] ./src/components/personal/now-strip.tsx:44:1
Expression expected
  42 |   );
  43 | }
> 44 | </content>
     | ^
  45 | </invoke>

Parsing ecmascript source code failed

Import trace:
  Server Component:
    ./src/components/personal/now-strip.tsx
    ./src/app/personal/page.tsx @ http://localhost:3000/_next/static/chunks/node_modules_next_dist_1gdrd03._.js:1945
[   14421ms] [ERROR] ./src/components/personal/now-strip.tsx:44:2
Unterminated regexp literal
  42 |   );
  43 | }
> 44 | </content>
     |  ^^^^^^^^^
  45 | </invoke>

Parsing ecmascript source code failed

Import trace:
  Server Component:
    ./src/components/personal/now-strip.tsx
    ./src/app/personal/page.tsx @ http://localhost:3000/_next/static/chunks/node_modules_next_dist_1gdrd03._.js:1945
[   14483ms] [ERROR] ./src/components/personal/now-strip.tsx:44:1
Expression expected
  42 |   );
  43 | }
> 44 | </content>
     | ^
  45 | </invoke>

Parsing ecmascript source code failed

Import trace:
  Server Component:
    ./src/components/personal/now-strip.tsx
    ./src/app/personal/page.tsx @ http://localhost:3000/_next/static/chunks/node_modules_next_dist_1gdrd03._.js:1945
[   14484ms] [ERROR] ./src/components/personal/now-strip.tsx:44:2
Unterminated regexp literal
  42 |   );
  43 | }
> 44 | </content>
     |  ^^^^^^^^^
  45 | </invoke>

Parsing ecmascript source code failed

Import trace:
  Server Component:
    ./src/components/personal/now-strip.tsx
    ./src/app/personal/page.tsx @ http://localhost:3000/_next/static/chunks/node_modules_next_dist_1gdrd03._.js:1945
[   14544ms] [ERROR] ./src/components/personal/now-strip.tsx:44:1
Expression expected
  42 |   );
  43 | }
> 44 | </content>
     | ^
  45 | </invoke>

Parsing ecmascript source code failed

Import trace:
  Server Component:
    ./src/components/personal/now-strip.tsx
    ./src/app/personal/page.tsx @ http://localhost:3000/_next/static/chunks/node_modules_next_dist_1gdrd03._.js:1945
[   14544ms] [ERROR] ./src/components/personal/now-strip.tsx:44:2
Unterminated regexp literal
  42 |   );
  43 | }
> 44 | </content>
     |  ^^^^^^^^^
  45 | </invoke>

Parsing ecmascript source code failed

Import trace:
  Server Component:
    ./src/components/personal/now-strip.tsx
    ./src/app/personal/page.tsx @ http://localhost:3000/_next/static/chunks/node_modules_next_dist_1gdrd03._.js:1945
[   14608ms] [ERROR] ./src/components/personal/now-strip.tsx:44:1
Expression expected
  42 |   );
  43 | }
> 44 | </content>
     | ^
  45 | </invoke>

Parsing ecmascript source code failed

Import trace:
  Server Component:
    ./src/components/personal/now-strip.tsx
    ./src/app/personal/page.tsx @ http://localhost:3000/_next/static/chunks/node_modules_next_dist_1gdrd03._.js:1945
[   14608ms] [ERROR] ./src/components/personal/now-strip.tsx:44:2
Unterminated regexp literal
  42 |   );
  43 | }
> 44 | </content>
     |  ^^^^^^^^^
  45 | </invoke>

Parsing ecmascript source code failed

Import trace:
  Server Component:
    ./src/components/personal/now-strip.tsx
    ./src/app/personal/page.tsx @ http://localhost:3000/_next/static/chunks/node_modules_next_dist_1gdrd03._.js:1945
[   14667ms] [ERROR] ./src/components/personal/now-strip.tsx:44:1
Expression expected
  42 |   );
  43 | }
> 44 | </content>
     | ^
  45 | </invoke>

Parsing ecmascript source code failed

Import trace:
  Server Component:
    ./src/components/personal/now-strip.tsx
    ./src/app/personal/page.tsx @ http://localhost:3000/_next/static/chunks/node_modules_next_dist_1gdrd03._.js:1945
[   14668ms] [ERROR] ./src/components/personal/now-strip.tsx:44:2
Unterminated regexp literal
  42 |   );
  43 | }
> 44 | </content>
     |  ^^^^^^^^^
  45 | </invoke>

Parsing ecmascript source code failed

Import trace:
  Server Component:
    ./src/components/personal/now-strip.tsx
    ./src/app/personal/page.tsx @ http://localhost:3000/_next/static/chunks/node_modules_next_dist_1gdrd03._.js:1945
[   14732ms] [ERROR] ./src/components/personal/now-strip.tsx:44:1
Expression expected
  42 |   );
  43 | }
> 44 | </content>
     | ^
  45 | </invoke>

Parsing ecmascript source code failed

Import trace:
  Server Component:
    ./src/components/personal/now-strip.tsx
    ./src/app/personal/page.tsx @ http://localhost:3000/_next/static/chunks/node_modules_next_dist_1gdrd03._.js:1945
[   14733ms] [ERROR] ./src/components/personal/now-strip.tsx:44:2
Unterminated regexp literal
  42 |   );
  43 | }
> 44 | </content>
     |  ^^^^^^^^^
  45 | </invoke>

Parsing ecmascript source code failed

Import trace:
  Server Component:
    ./src/components/personal/now-strip.tsx
    ./src/app/personal/page.tsx @ http://localhost:3000/_next/static/chunks/node_modules_next_dist_1gdrd03._.js:1945
[   14794ms] [ERROR] ./src/components/personal/now-strip.tsx:44:1
Expression expected
  42 |   );
  43 | }
> 44 | </content>
     | ^
  45 | </invoke>

Parsing ecmascript source code failed

Import trace:
  Server Component:
    ./src/components/personal/now-strip.tsx
    ./src/app/personal/page.tsx @ http://localhost:3000/_next/static/chunks/node_modules_next_dist_1gdrd03._.js:1945
[   14794ms] [ERROR] ./src/components/personal/now-strip.tsx:44:2
Unterminated regexp literal
  42 |   );
  43 | }
> 44 | </content>
     |  ^^^^^^^^^
  45 | </invoke>

Parsing ecmascript source code failed

Import trace:
  Server Component:
    ./src/components/personal/now-strip.tsx
    ./src/app/personal/page.tsx @ http://localhost:3000/_next/static/chunks/node_modules_next_dist_1gdrd03._.js:1945
[   14855ms] [ERROR] ./src/components/personal/now-strip.tsx:44:1
Expression expected
  42 |   );
  43 | }
> 44 | </content>
     | ^
  45 | </invoke>

Parsing ecmascript source code failed

Import trace:
  Server Component:
    ./src/components/personal/now-strip.tsx
    ./src/app/personal/page.tsx @ http://localhost:3000/_next/static/chunks/node_modules_next_dist_1gdrd03._.js:1945
[   14856ms] [ERROR] ./src/components/personal/now-strip.tsx:44:2
Unterminated regexp literal
  42 |   );
  43 | }
> 44 | </content>
     |  ^^^^^^^^^
  45 | </invoke>

Parsing ecmascript source code failed

Import trace:
  Server Component:
    ./src/components/personal/now-strip.tsx
    ./src/app/personal/page.tsx @ http://localhost:3000/_next/static/chunks/node_modules_next_dist_1gdrd03._.js:1945
[   14917ms] [ERROR] ./src/components/personal/now-strip.tsx:44:1
Expression expected
  42 |   );
  43 | }
> 44 | </content>
     | ^
  45 | </invoke>

Parsing ecmascript source code failed

Import trace:
  Server Component:
    ./src/components/personal/now-strip.tsx
    ./src/app/personal/page.tsx @ http://localhost:3000/_next/static/chunks/node_modules_next_dist_1gdrd03._.js:1945
[   14917ms] [ERROR] ./src/components/personal/now-strip.tsx:44:2
Unterminated regexp literal
  42 |   );
  43 | }
> 44 | </content>
     |  ^^^^^^^^^
  45 | </invoke>

Parsing ecmascript source code failed

Import trace:
  Server Component:
    ./src/components/personal/now-strip.tsx
    ./src/app/personal/page.tsx @ http://localhost:3000/_next/static/chunks/node_modules_next_dist_1gdrd03._.js:1945
[   14979ms] [ERROR] ./src/components/personal/now-strip.tsx:44:1
Expression expected
  42 |   );
  43 | }
> 44 | </content>
     | ^
  45 | </invoke>

Parsing ecmascript source code failed

Import trace:
  Server Component:
    ./src/components/personal/now-strip.tsx
    ./src/app/personal/page.tsx @ http://localhost:3000/_next/static/chunks/node_modules_next_dist_1gdrd03._.js:1945
[   14979ms] [ERROR] ./src/components/personal/now-strip.tsx:44:2
Unterminated regexp literal
  42 |   );
  43 | }
> 44 | </content>
     |  ^^^^^^^^^
  45 | </invoke>

Parsing ecmascript source code failed

Import trace:
  Server Component:
    ./src/components/personal/now-strip.tsx
    ./src/app/personal/page.tsx @ http://localhost:3000/_next/static/chunks/node_modules_next_dist_1gdrd03._.js:1945
[   15042ms] [ERROR] ./src/components/personal/now-strip.tsx:44:1
Expression expected
  42 |   );
  43 | }
> 44 | </content>
     | ^
  45 | </invoke>

Parsing ecmascript source code failed

Import trace:
  Server Component:
    ./src/components/personal/now-strip.tsx
    ./src/app/personal/page.tsx @ http://localhost:3000/_next/static/chunks/node_modules_next_dist_1gdrd03._.js:1945
[   15043ms] [ERROR] ./src/components/personal/now-strip.tsx:44:2
Unterminated regexp literal
  42 |   );
  43 | }
> 44 | </content>
     |  ^^^^^^^^^
  45 | </invoke>

Parsing ecmascript source code failed

Import trace:
  Server Component:
    ./src/components/personal/now-strip.tsx
    ./src/app/personal/page.tsx @ http://localhost:3000/_next/static/chunks/node_modules_next_dist_1gdrd03._.js:1945
[   15103ms] [ERROR] ./src/components/personal/now-strip.tsx:44:1
Expression expected
  42 |   );
  43 | }
> 44 | </content>
     | ^
  45 | </invoke>

Parsing ecmascript source code failed

Import trace:
  Server Component:
    ./src/components/personal/now-strip.tsx
    ./src/app/personal/page.tsx @ http://localhost:3000/_next/static/chunks/node_modules_next_dist_1gdrd03._.js:1945
[   15104ms] [ERROR] ./src/components/personal/now-strip.tsx:44:2
Unterminated regexp literal
  42 |   );
  43 | }
> 44 | </content>
     |  ^^^^^^^^^
  45 | </invoke>

Parsing ecmascript source code failed

Import trace:
  Server Component:
    ./src/components/personal/now-strip.tsx
    ./src/app/personal/page.tsx @ http://localhost:3000/_next/static/chunks/node_modules_next_dist_1gdrd03._.js:1945
[   15169ms] [ERROR] ./src/components/personal/now-strip.tsx:44:1
Expression expected
  42 |   );
  43 | }
> 44 | </content>
     | ^
  45 | </invoke>

Parsing ecmascript source code failed

Import trace:
  Server Component:
    ./src/components/personal/now-strip.tsx
    ./src/app/personal/page.tsx @ http://localhost:3000/_next/static/chunks/node_modules_next_dist_1gdrd03._.js:1945
[   15169ms] [ERROR] ./src/components/personal/now-strip.tsx:44:2
Unterminated regexp literal
  42 |   );
  43 | }
> 44 | </content>
     |  ^^^^^^^^^
  45 | </invoke>

Parsing ecmascript source code failed

Import trace:
  Server Component:
    ./src/components/personal/now-strip.tsx
    ./src/app/personal/page.tsx @ http://localhost:3000/_next/static/chunks/node_modules_next_dist_1gdrd03._.js:1945
[   15230ms] [ERROR] ./src/components/personal/now-strip.tsx:44:1
Expression expected
  42 |   );
  43 | }
> 44 | </content>
     | ^
  45 | </invoke>

Parsing ecmascript source code failed

Import trace:
  Server Component:
    ./src/components/personal/now-strip.tsx
    ./src/app/personal/page.tsx @ http://localhost:3000/_next/static/chunks/node_modules_next_dist_1gdrd03._.js:1945
[   15231ms] [ERROR] ./src/components/personal/now-strip.tsx:44:2
Unterminated regexp literal
  42 |   );
  43 | }
> 44 | </content>
     |  ^^^^^^^^^
  45 | </invoke>

Parsing ecmascript source code failed

Import trace:
  Server Component:
    ./src/components/personal/now-strip.tsx
    ./src/app/personal/page.tsx @ http://localhost:3000/_next/static/chunks/node_modules_next_dist_1gdrd03._.js:1945
[   15291ms] [ERROR] ./src/components/personal/now-strip.tsx:44:1
Expression expected
  42 |   );
  43 | }
> 44 | </content>
     | ^
  45 | </invoke>

Parsing ecmascript source code failed

Import trace:
  Server Component:
    ./src/components/personal/now-strip.tsx
    ./src/app/personal/page.tsx @ http://localhost:3000/_next/static/chunks/node_modules_next_dist_1gdrd03._.js:1945
[   15292ms] [ERROR] ./src/components/personal/now-strip.tsx:44:2
Unterminated regexp literal
  42 |   );
  43 | }
> 44 | </content>
     |  ^^^^^^^^^
  45 | </invoke>

Parsing ecmascript source code failed

Import trace:
  Server Component:
    ./src/components/personal/now-strip.tsx
    ./src/app/personal/page.tsx @ http://localhost:3000/_next/static/chunks/node_modules_next_dist_1gdrd03._.js:1945
[   15354ms] [ERROR] ./src/components/personal/now-strip.tsx:44:1
Expression expected
  42 |   );
  43 | }
> 44 | </content>
     | ^
  45 | </invoke>

Parsing ecmascript source code failed

Import trace:
  Server Component:
    ./src/components/personal/now-strip.tsx
    ./src/app/personal/page.tsx @ http://localhost:3000/_next/static/chunks/node_modules_next_dist_1gdrd03._.js:1945
[   15354ms] [ERROR] ./src/components/personal/now-strip.tsx:44:2
Unterminated regexp literal
  42 |   );
  43 | }
> 44 | </content>
     |  ^^^^^^^^^
  45 | </invoke>

Parsing ecmascript source code failed

Import trace:
  Server Component:
    ./src/components/personal/now-strip.tsx
    ./src/app/personal/page.tsx @ http://localhost:3000/_next/static/chunks/node_modules_next_dist_1gdrd03._.js:1945
[   15415ms] [ERROR] ./src/components/personal/now-strip.tsx:44:1
Expression expected
  42 |   );
  43 | }
> 44 | </content>
     | ^
  45 | </invoke>

Parsing ecmascript source code failed

Import trace:
  Server Component:
    ./src/components/personal/now-strip.tsx
    ./src/app/personal/page.tsx @ http://localhost:3000/_next/static/chunks/node_modules_next_dist_1gdrd03._.js:1945
[   15416ms] [ERROR] ./src/components/personal/now-strip.tsx:44:2
Unterminated regexp literal
  42 |   );
  43 | }
> 44 | </content>
     |  ^^^^^^^^^
  45 | </invoke>

Parsing ecmascript source code failed

Import trace:
  Server Component:
    ./src/components/personal/now-strip.tsx
    ./src/app/personal/page.tsx @ http://localhost:3000/_next/static/chunks/node_modules_next_dist_1gdrd03._.js:1945
[   15480ms] [ERROR] ./src/components/personal/now-strip.tsx:44:1
Expression expected
  42 |   );
  43 | }
> 44 | </content>
     | ^
  45 | </invoke>

Parsing ecmascript source code failed

Import trace:
  Server Component:
    ./src/components/personal/now-strip.tsx
    ./src/app/personal/page.tsx @ http://localhost:3000/_next/static/chunks/node_modules_next_dist_1gdrd03._.js:1945
[   15480ms] [ERROR] ./src/components/personal/now-strip.tsx:44:2
Unterminated regexp literal
  42 |   );
  43 | }
> 44 | </content>
     |  ^^^^^^^^^
  45 | </invoke>

Parsing ecmascript source code failed

Import trace:
  Server Component:
    ./src/components/personal/now-strip.tsx
    ./src/app/personal/page.tsx @ http://localhost:3000/_next/static/chunks/node_modules_next_dist_1gdrd03._.js:1945
[   15540ms] [ERROR] ./src/components/personal/now-strip.tsx:44:1
Expression expected
  42 |   );
  43 | }
> 44 | </content>
     | ^
  45 | </invoke>

Parsing ecmascript source code failed

Import trace:
  Server Component:
    ./src/components/personal/now-strip.tsx
    ./src/app/personal/page.tsx @ http://localhost:3000/_next/static/chunks/node_modules_next_dist_1gdrd03._.js:1945
[   15541ms] [ERROR] ./src/components/personal/now-strip.tsx:44:2
Unterminated regexp literal
  42 |   );
  43 | }
> 44 | </content>
     |  ^^^^^^^^^
  45 | </invoke>

Parsing ecmascript source code failed

Import trace:
  Server Component:
    ./src/components/personal/now-strip.tsx
    ./src/app/personal/page.tsx @ http://localhost:3000/_next/static/chunks/node_modules_next_dist_1gdrd03._.js:1945
[   15603ms] [ERROR] ./src/components/personal/now-strip.tsx:44:1
Expression expected
  42 |   );
  43 | }
> 44 | </content>
     | ^
  45 | </invoke>

Parsing ecmascript source code failed

Import trace:
  Server Component:
    ./src/components/personal/now-strip.tsx
    ./src/app/personal/page.tsx @ http://localhost:3000/_next/static/chunks/node_modules_next_dist_1gdrd03._.js:1945
[   15603ms] [ERROR] ./src/components/personal/now-strip.tsx:44:2
Unterminated regexp literal
  42 |   );
  43 | }
> 44 | </content>
     |  ^^^^^^^^^
  45 | </invoke>

Parsing ecmascript source code failed

Import trace:
  Server Component:
    ./src/components/personal/now-strip.tsx
    ./src/app/personal/page.tsx @ http://localhost:3000/_next/static/chunks/node_modules_next_dist_1gdrd03._.js:1945
[   15663ms] [ERROR] ./src/components/personal/now-strip.tsx:44:1
Expression expected
  42 |   );
  43 | }
> 44 | </content>
     | ^
  45 | </invoke>

Parsing ecmascript source code failed

Import trace:
  Server Component:
    ./src/components/personal/now-strip.tsx
    ./src/app/personal/page.tsx @ http://localhost:3000/_next/static/chunks/node_modules_next_dist_1gdrd03._.js:1945
[   15663ms] [ERROR] ./src/components/personal/now-strip.tsx:44:2
Unterminated regexp literal
  42 |   );
  43 | }
> 44 | </content>
     |  ^^^^^^^^^
  45 | </invoke>

Parsing ecmascript source code failed

Import trace:
  Server Component:
    ./src/components/personal/now-strip.tsx
    ./src/app/personal/page.tsx @ http://localhost:3000/_next/static/chunks/node_modules_next_dist_1gdrd03._.js:1945
[   15725ms] [ERROR] ./src/components/personal/now-strip.tsx:44:1
Expression expected
  42 |   );
  43 | }
> 44 | </content>
     | ^
  45 | </invoke>

Parsing ecmascript source code failed

Import trace:
  Server Component:
    ./src/components/personal/now-strip.tsx
    ./src/app/personal/page.tsx @ http://localhost:3000/_next/static/chunks/node_modules_next_dist_1gdrd03._.js:1945
[   15726ms] [ERROR] ./src/components/personal/now-strip.tsx:44:2
Unterminated regexp literal
  42 |   );
  43 | }
> 44 | </content>
     |  ^^^^^^^^^
  45 | </invoke>

Parsing ecmascript source code failed

Import trace:
  Server Component:
    ./src/components/personal/now-strip.tsx
    ./src/app/personal/page.tsx @ http://localhost:3000/_next/static/chunks/node_modules_next_dist_1gdrd03._.js:1945
[   15786ms] [ERROR] ./src/components/personal/now-strip.tsx:44:1
Expression expected
  42 |   );
  43 | }
> 44 | </content>
     | ^
  45 | </invoke>

Parsing ecmascript source code failed

Import trace:
  Server Component:
    ./src/components/personal/now-strip.tsx
    ./src/app/personal/page.tsx @ http://localhost:3000/_next/static/chunks/node_modules_next_dist_1gdrd03._.js:1945
[   15786ms] [ERROR] ./src/components/personal/now-strip.tsx:44:2
Unterminated regexp literal
  42 |   );
  43 | }
> 44 | </content>
     |  ^^^^^^^^^
  45 | </invoke>

Parsing ecmascript source code failed

Import trace:
  Server Component:
    ./src/components/personal/now-strip.tsx
    ./src/app/personal/page.tsx @ http://localhost:3000/_next/static/chunks/node_modules_next_dist_1gdrd03._.js:1945
[   15847ms] [ERROR] ./src/components/personal/now-strip.tsx:44:1
Expression expected
  42 |   );
  43 | }
> 44 | </content>
     | ^
  45 | </invoke>

Parsing ecmascript source code failed

Import trace:
  Server Component:
    ./src/components/personal/now-strip.tsx
    ./src/app/personal/page.tsx @ http://localhost:3000/_next/static/chunks/node_modules_next_dist_1gdrd03._.js:1945
[   15848ms] [ERROR] ./src/components/personal/now-strip.tsx:44:2
Unterminated regexp literal
  42 |   );
  43 | }
> 44 | </content>
     |  ^^^^^^^^^
  45 | </invoke>

Parsing ecmascript source code failed

Import trace:
  Server Component:
    ./src/components/personal/now-strip.tsx
    ./src/app/personal/page.tsx @ http://localhost:3000/_next/static/chunks/node_modules_next_dist_1gdrd03._.js:1945
[   15908ms] [ERROR] ./src/components/personal/now-strip.tsx:44:1
Expression expected
  42 |   );
  43 | }
> 44 | </content>
     | ^
  45 | </invoke>

Parsing ecmascript source code failed

Import trace:
  Server Component:
    ./src/components/personal/now-strip.tsx
    ./src/app/personal/page.tsx @ http://localhost:3000/_next/static/chunks/node_modules_next_dist_1gdrd03._.js:1945
[   15908ms] [ERROR] ./src/components/personal/now-strip.tsx:44:2
Unterminated regexp literal
  42 |   );
  43 | }
> 44 | </content>
     |  ^^^^^^^^^
  45 | </invoke>

Parsing ecmascript source code failed

Import trace:
  Server Component:
    ./src/components/personal/now-strip.tsx
    ./src/app/personal/page.tsx @ http://localhost:3000/_next/static/chunks/node_modules_next_dist_1gdrd03._.js:1945
[   15970ms] [ERROR] ./src/components/personal/now-strip.tsx:44:1
Expression expected
  42 |   );
  43 | }
> 44 | </content>
     | ^
  45 | </invoke>

Parsing ecmascript source code failed

Import trace:
  Server Component:
    ./src/components/personal/now-strip.tsx
    ./src/app/personal/page.tsx @ http://localhost:3000/_next/static/chunks/node_modules_next_dist_1gdrd03._.js:1945
[   15970ms] [ERROR] ./src/components/personal/now-strip.tsx:44:2
Unterminated regexp literal
  42 |   );
  43 | }
> 44 | </content>
     |  ^^^^^^^^^
  45 | </invoke>

Parsing ecmascript source code failed

Import trace:
  Server Component:
    ./src/components/personal/now-strip.tsx
    ./src/app/personal/page.tsx @ http://localhost:3000/_next/static/chunks/node_modules_next_dist_1gdrd03._.js:1945
[   16032ms] [ERROR] ./src/components/personal/now-strip.tsx:44:1
Expression expected
  42 |   );
  43 | }
> 44 | </content>
     | ^
  45 | </invoke>

Parsing ecmascript source code failed

Import trace:
  Server Component:
    ./src/components/personal/now-strip.tsx
    ./src/app/personal/page.tsx @ http://localhost:3000/_next/static/chunks/node_modules_next_dist_1gdrd03._.js:1945
[   16032ms] [ERROR] ./src/components/personal/now-strip.tsx:44:2
Unterminated regexp literal
  42 |   );
  43 | }
> 44 | </content>
     |  ^^^^^^^^^
  45 | </invoke>

Parsing ecmascript source code failed

Import trace:
  Server Component:
    ./src/components/personal/now-strip.tsx
    ./src/app/personal/page.tsx @ http://localhost:3000/_next/static/chunks/node_modules_next_dist_1gdrd03._.js:1945
[   16095ms] [ERROR] ./src/components/personal/now-strip.tsx:44:1
Expression expected
  42 |   );
  43 | }
> 44 | </content>
     | ^
  45 | </invoke>

Parsing ecmascript source code failed

Import trace:
  Server Component:
    ./src/components/personal/now-strip.tsx
    ./src/app/personal/page.tsx @ http://localhost:3000/_next/static/chunks/node_modules_next_dist_1gdrd03._.js:1945
[   16095ms] [ERROR] ./src/components/personal/now-strip.tsx:44:2
Unterminated regexp literal
  42 |   );
  43 | }
> 44 | </content>
     |  ^^^^^^^^^
  45 | </invoke>

Parsing ecmascript source code failed

Import trace:
  Server Component:
    ./src/components/personal/now-strip.tsx
    ./src/app/personal/page.tsx @ http://localhost:3000/_next/static/chunks/node_modules_next_dist_1gdrd03._.js:1945
[   16155ms] [ERROR] ./src/components/personal/now-strip.tsx:44:1
Expression expected
  42 |   );
  43 | }
> 44 | </content>
     | ^
  45 | </invoke>

Parsing ecmascript source code failed

Import trace:
  Server Component:
    ./src/components/personal/now-strip.tsx
    ./src/app/personal/page.tsx @ http://localhost:3000/_next/static/chunks/node_modules_next_dist_1gdrd03._.js:1945
[   16156ms] [ERROR] ./src/components/personal/now-strip.tsx:44:2
Unterminated regexp literal
  42 |   );
  43 | }
> 44 | </content>
     |  ^^^^^^^^^
  45 | </invoke>

Parsing ecmascript source code failed

Import trace:
  Server Component:
    ./src/components/personal/now-strip.tsx
    ./src/app/personal/page.tsx @ http://localhost:3000/_next/static/chunks/node_modules_next_dist_1gdrd03._.js:1945
[   16221ms] [ERROR] ./src/components/personal/now-strip.tsx:44:1
Expression expected
  42 |   );
  43 | }
> 44 | </content>
     | ^
  45 | </invoke>

Parsing ecmascript source code failed

Import trace:
  Server Component:
    ./src/components/personal/now-strip.tsx
    ./src/app/personal/page.tsx @ http://localhost:3000/_next/static/chunks/node_modules_next_dist_1gdrd03._.js:1945
[   16222ms] [ERROR] ./src/components/personal/now-strip.tsx:44:2
Unterminated regexp literal
  42 |   );
  43 | }
> 44 | </content>
     |  ^^^^^^^^^
  45 | </invoke>

Parsing ecmascript source code failed

Import trace:
  Server Component:
    ./src/components/personal/now-strip.tsx
    ./src/app/personal/page.tsx @ http://localhost:3000/_next/static/chunks/node_modules_next_dist_1gdrd03._.js:1945
[   16295ms] [ERROR] ./src/components/personal/now-strip.tsx:44:1
Expression expected
  42 |   );
  43 | }
> 44 | </content>
     | ^
  45 | </invoke>

Parsing ecmascript source code failed

Import trace:
  Server Component:
    ./src/components/personal/now-strip.tsx
    ./src/app/personal/page.tsx @ http://localhost:3000/_next/static/chunks/node_modules_next_dist_1gdrd03._.js:1945
[   16295ms] [ERROR] ./src/components/personal/now-strip.tsx:44:2
Unterminated regexp literal
  42 |   );
  43 | }
> 44 | </content>
     |  ^^^^^^^^^
  45 | </invoke>

Parsing ecmascript source code failed

Import trace:
  Server Component:
    ./src/components/personal/now-strip.tsx
    ./src/app/personal/page.tsx @ http://localhost:3000/_next/static/chunks/node_modules_next_dist_1gdrd03._.js:1945
[   16356ms] [ERROR] ./src/components/personal/now-strip.tsx:44:1
Expression expected
  42 |   );
  43 | }
> 44 | </content>
     | ^
  45 | </invoke>

Parsing ecmascript source code failed

Import trace:
  Server Component:
    ./src/components/personal/now-strip.tsx
    ./src/app/personal/page.tsx @ http://localhost:3000/_next/static/chunks/node_modules_next_dist_1gdrd03._.js:1945
[   16357ms] [ERROR] ./src/components/personal/now-strip.tsx:44:2
Unterminated regexp literal
  42 |   );
  43 | }
> 44 | </content>
     |  ^^^^^^^^^
  45 | </invoke>

Parsing ecmascript source code failed

Import trace:
  Server Component:
    ./src/components/personal/now-strip.tsx
    ./src/app/personal/page.tsx @ http://localhost:3000/_next/static/chunks/node_modules_next_dist_1gdrd03._.js:1945
[   16420ms] [ERROR] ./src/components/personal/now-strip.tsx:44:1
Expression expected
  42 |   );
  43 | }
> 44 | </content>
     | ^
  45 | </invoke>

Parsing ecmascript source code failed

Import trace:
  Server Component:
    ./src/components/personal/now-strip.tsx
    ./src/app/personal/page.tsx @ http://localhost:3000/_next/static/chunks/node_modules_next_dist_1gdrd03._.js:1945
[   16420ms] [ERROR] ./src/components/personal/now-strip.tsx:44:2
Unterminated regexp literal
  42 |   );
  43 | }
> 44 | </content>
     |  ^^^^^^^^^
  45 | </invoke>

Parsing ecmascript source code failed

Import trace:
  Server Component:
    ./src/components/personal/now-strip.tsx
    ./src/app/personal/page.tsx @ http://localhost:3000/_next/static/chunks/node_modules_next_dist_1gdrd03._.js:1945
[   16484ms] [ERROR] ./src/components/personal/now-strip.tsx:44:1
Expression expected
  42 |   );
  43 | }
> 44 | </content>
     | ^
  45 | </invoke>

Parsing ecmascript source code failed

Import trace:
  Server Component:
    ./src/components/personal/now-strip.tsx
    ./src/app/personal/page.tsx @ http://localhost:3000/_next/static/chunks/node_modules_next_dist_1gdrd03._.js:1945
[   16485ms] [ERROR] ./src/components/personal/now-strip.tsx:44:2
Unterminated regexp literal
  42 |   );
  43 | }
> 44 | </content>
     |  ^^^^^^^^^
  45 | </invoke>

Parsing ecmascript source code failed

Import trace:
  Server Component:
    ./src/components/personal/now-strip.tsx
    ./src/app/personal/page.tsx @ http://localhost:3000/_next/static/chunks/node_modules_next_dist_1gdrd03._.js:1945
[   16546ms] [ERROR] ./src/components/personal/now-strip.tsx:44:1
Expression expected
  42 |   );
  43 | }
> 44 | </content>
     | ^
  45 | </invoke>

Parsing ecmascript source code failed

Import trace:
  Server Component:
    ./src/components/personal/now-strip.tsx
    ./src/app/personal/page.tsx @ http://localhost:3000/_next/static/chunks/node_modules_next_dist_1gdrd03._.js:1945
[   16547ms] [ERROR] ./src/components/personal/now-strip.tsx:44:2
Unterminated regexp literal
  42 |   );
  43 | }
> 44 | </content>
     |  ^^^^^^^^^
  45 | </invoke>

Parsing ecmascript source code failed

Import trace:
  Server Component:
    ./src/components/personal/now-strip.tsx
    ./src/app/personal/page.tsx @ http://localhost:3000/_next/static/chunks/node_modules_next_dist_1gdrd03._.js:1945
[   16606ms] [ERROR] ./src/components/personal/now-strip.tsx:44:1
Expression expected
  42 |   );
  43 | }
> 44 | </content>
     | ^
  45 | </invoke>

Parsing ecmascript source code failed

Import trace:
  Server Component:
    ./src/components/personal/now-strip.tsx
    ./src/app/personal/page.tsx @ http://localhost:3000/_next/static/chunks/node_modules_next_dist_1gdrd03._.js:1945
[   16607ms] [ERROR] ./src/components/personal/now-strip.tsx:44:2
Unterminated regexp literal
  42 |   );
  43 | }
> 44 | </content>
     |  ^^^^^^^^^
  45 | </invoke>

Parsing ecmascript source code failed

Import trace:
  Server Component:
    ./src/components/personal/now-strip.tsx
    ./src/app/personal/page.tsx @ http://localhost:3000/_next/static/chunks/node_modules_next_dist_1gdrd03._.js:1945
[   16671ms] [ERROR] ./src/components/personal/now-strip.tsx:44:1
Expression expected
  42 |   );
  43 | }
> 44 | </content>
     | ^
  45 | </invoke>

Parsing ecmascript source code failed

Import trace:
  Server Component:
    ./src/components/personal/now-strip.tsx
    ./src/app/personal/page.tsx @ http://localhost:3000/_next/static/chunks/node_modules_next_dist_1gdrd03._.js:1945
[   16672ms] [ERROR] ./src/components/personal/now-strip.tsx:44:2
Unterminated regexp literal
  42 |   );
  43 | }
> 44 | </content>
     |  ^^^^^^^^^
  45 | </invoke>

Parsing ecmascript source code failed

Import trace:
  Server Component:
    ./src/components/personal/now-strip.tsx
    ./src/app/personal/page.tsx @ http://localhost:3000/_next/static/chunks/node_modules_next_dist_1gdrd03._.js:1945
[   16762ms] [ERROR] ./src/components/personal/now-strip.tsx:44:1
Expression expected
  42 |   );
  43 | }
> 44 | </content>
     | ^
  45 | </invoke>

Parsing ecmascript source code failed

Import trace:
  Server Component:
    ./src/components/personal/now-strip.tsx
    ./src/app/personal/page.tsx @ http://localhost:3000/_next/static/chunks/node_modules_next_dist_1gdrd03._.js:1945
[   16762ms] [ERROR] ./src/components/personal/now-strip.tsx:44:2
Unterminated regexp literal
  42 |   );
  43 | }
> 44 | </content>
     |  ^^^^^^^^^
  45 | </invoke>

Parsing ecmascript source code failed

Import trace:
  Server Component:
    ./src/components/personal/now-strip.tsx
    ./src/app/personal/page.tsx @ http://localhost:3000/_next/static/chunks/node_modules_next_dist_1gdrd03._.js:1945
[   16824ms] [ERROR] ./src/components/personal/now-strip.tsx:44:1
Expression expected
  42 |   );
  43 | }
> 44 | </content>
     | ^
  45 | </invoke>

Parsing ecmascript source code failed

Import trace:
  Server Component:
    ./src/components/personal/now-strip.tsx
    ./src/app/personal/page.tsx @ http://localhost:3000/_next/static/chunks/node_modules_next_dist_1gdrd03._.js:1945
[   16824ms] [ERROR] ./src/components/personal/now-strip.tsx:44:2
Unterminated regexp literal
  42 |   );
  43 | }
> 44 | </content>
     |  ^^^^^^^^^
  45 | </invoke>

Parsing ecmascript source code failed

Import trace:
  Server Component:
    ./src/components/personal/now-strip.tsx
    ./src/app/personal/page.tsx @ http://localhost:3000/_next/static/chunks/node_modules_next_dist_1gdrd03._.js:1945
[   16885ms] [ERROR] ./src/components/personal/now-strip.tsx:44:1
Expression expected
  42 |   );
  43 | }
> 44 | </content>
     | ^
  45 | </invoke>

Parsing ecmascript source code failed

Import trace:
  Server Component:
    ./src/components/personal/now-strip.tsx
    ./src/app/personal/page.tsx @ http://localhost:3000/_next/static/chunks/node_modules_next_dist_1gdrd03._.js:1945
[   16886ms] [ERROR] ./src/components/personal/now-strip.tsx:44:2
Unterminated regexp literal
  42 |   );
  43 | }
> 44 | </content>
     |  ^^^^^^^^^
  45 | </invoke>

Parsing ecmascript source code failed

Import trace:
  Server Component:
    ./src/components/personal/now-strip.tsx
    ./src/app/personal/page.tsx @ http://localhost:3000/_next/static/chunks/node_modules_next_dist_1gdrd03._.js:1945
[   16948ms] [ERROR] ./src/components/personal/now-strip.tsx:44:1
Expression expected
  42 |   );
  43 | }
> 44 | </content>
     | ^
  45 | </invoke>

Parsing ecmascript source code failed

Import trace:
  Server Component:
    ./src/components/personal/now-strip.tsx
    ./src/app/personal/page.tsx @ http://localhost:3000/_next/static/chunks/node_modules_next_dist_1gdrd03._.js:1945
[   16949ms] [ERROR] ./src/components/personal/now-strip.tsx:44:2
Unterminated regexp literal
  42 |   );
  43 | }
> 44 | </content>
     |  ^^^^^^^^^
  45 | </invoke>

Parsing ecmascript source code failed

Import trace:
  Server Component:
    ./src/components/personal/now-strip.tsx
    ./src/app/personal/page.tsx @ http://localhost:3000/_next/static/chunks/node_modules_next_dist_1gdrd03._.js:1945
[   17011ms] [ERROR] ./src/components/personal/now-strip.tsx:44:1
Expression expected
  42 |   );
  43 | }
> 44 | </content>
     | ^
  45 | </invoke>

Parsing ecmascript source code failed

Import trace:
  Server Component:
    ./src/components/personal/now-strip.tsx
    ./src/app/personal/page.tsx @ http://localhost:3000/_next/static/chunks/node_modules_next_dist_1gdrd03._.js:1945
[   17011ms] [ERROR] ./src/components/personal/now-strip.tsx:44:2
Unterminated regexp literal
  42 |   );
  43 | }
> 44 | </content>
     |  ^^^^^^^^^
  45 | </invoke>

Parsing ecmascript source code failed

Import trace:
  Server Component:
    ./src/components/personal/now-strip.tsx
    ./src/app/personal/page.tsx @ http://localhost:3000/_next/static/chunks/node_modules_next_dist_1gdrd03._.js:1945
[   17072ms] [ERROR] ./src/components/personal/now-strip.tsx:44:1
Expression expected
  42 |   );
  43 | }
> 44 | </content>
     | ^
  45 | </invoke>

Parsing ecmascript source code failed

Import trace:
  Server Component:
    ./src/components/personal/now-strip.tsx
    ./src/app/personal/page.tsx @ http://localhost:3000/_next/static/chunks/node_modules_next_dist_1gdrd03._.js:1945
[   17073ms] [ERROR] ./src/components/personal/now-strip.tsx:44:2
Unterminated regexp literal
  42 |   );
  43 | }
> 44 | </content>
     |  ^^^^^^^^^
  45 | </invoke>

Parsing ecmascript source code failed

Import trace:
  Server Component:
    ./src/components/personal/now-strip.tsx
    ./src/app/personal/page.tsx @ http://localhost:3000/_next/static/chunks/node_modules_next_dist_1gdrd03._.js:1945
[   17134ms] [ERROR] ./src/components/personal/now-strip.tsx:44:1
Expression expected
  42 |   );
  43 | }
> 44 | </content>
     | ^
  45 | </invoke>

Parsing ecmascript source code failed

Import trace:
  Server Component:
    ./src/components/personal/now-strip.tsx
    ./src/app/personal/page.tsx @ http://localhost:3000/_next/static/chunks/node_modules_next_dist_1gdrd03._.js:1945
[   17135ms] [ERROR] ./src/components/personal/now-strip.tsx:44:2
Unterminated regexp literal
  42 |   );
  43 | }
> 44 | </content>
     |  ^^^^^^^^^
  45 | </invoke>

Parsing ecmascript source code failed

Import trace:
  Server Component:
    ./src/components/personal/now-strip.tsx
    ./src/app/personal/page.tsx @ http://localhost:3000/_next/static/chunks/node_modules_next_dist_1gdrd03._.js:1945
[   17198ms] [ERROR] ./src/components/personal/now-strip.tsx:44:1
Expression expected
  42 |   );
  43 | }
> 44 | </content>
     | ^
  45 | </invoke>

Parsing ecmascript source code failed

Import trace:
  Server Component:
    ./src/components/personal/now-strip.tsx
    ./src/app/personal/page.tsx @ http://localhost:3000/_next/static/chunks/node_modules_next_dist_1gdrd03._.js:1945
[   17198ms] [ERROR] ./src/components/personal/now-strip.tsx:44:2
Unterminated regexp literal
  42 |   );
  43 | }
> 44 | </content>
     |  ^^^^^^^^^
  45 | </invoke>

Parsing ecmascript source code failed

Import trace:
  Server Component:
    ./src/components/personal/now-strip.tsx
    ./src/app/personal/page.tsx @ http://localhost:3000/_next/static/chunks/node_modules_next_dist_1gdrd03._.js:1945
[   17259ms] [ERROR] ./src/components/personal/now-strip.tsx:44:1
Expression expected
  42 |   );
  43 | }
> 44 | </content>
     | ^
  45 | </invoke>

Parsing ecmascript source code failed

Import trace:
  Server Component:
    ./src/components/personal/now-strip.tsx
    ./src/app/personal/page.tsx @ http://localhost:3000/_next/static/chunks/node_modules_next_dist_1gdrd03._.js:1945
[   17260ms] [ERROR] ./src/components/personal/now-strip.tsx:44:2
Unterminated regexp literal
  42 |   );
  43 | }
> 44 | </content>
     |  ^^^^^^^^^
  45 | </invoke>

Parsing ecmascript source code failed

Import trace:
  Server Component:
    ./src/components/personal/now-strip.tsx
    ./src/app/personal/page.tsx @ http://localhost:3000/_next/static/chunks/node_modules_next_dist_1gdrd03._.js:1945
[   17322ms] [ERROR] ./src/components/personal/now-strip.tsx:44:1
Expression expected
  42 |   );
  43 | }
> 44 | </content>
     | ^
  45 | </invoke>

Parsing ecmascript source code failed

Import trace:
  Server Component:
    ./src/components/personal/now-strip.tsx
    ./src/app/personal/page.tsx @ http://localhost:3000/_next/static/chunks/node_modules_next_dist_1gdrd03._.js:1945
[   17322ms] [ERROR] ./src/components/personal/now-strip.tsx:44:2
Unterminated regexp literal
  42 |   );
  43 | }
> 44 | </content>
     |  ^^^^^^^^^
  45 | </invoke>

Parsing ecmascript source code failed

Import trace:
  Server Component:
    ./src/components/personal/now-strip.tsx
    ./src/app/personal/page.tsx @ http://localhost:3000/_next/static/chunks/node_modules_next_dist_1gdrd03._.js:1945
[   17384ms] [ERROR] ./src/components/personal/now-strip.tsx:44:1
Expression expected
  42 |   );
  43 | }
> 44 | </content>
     | ^
  45 | </invoke>

Parsing ecmascript source code failed

Import trace:
  Server Component:
    ./src/components/personal/now-strip.tsx
    ./src/app/personal/page.tsx @ http://localhost:3000/_next/static/chunks/node_modules_next_dist_1gdrd03._.js:1945
[   17385ms] [ERROR] ./src/components/personal/now-strip.tsx:44:2
Unterminated regexp literal
  42 |   );
  43 | }
> 44 | </content>
     |  ^^^^^^^^^
  45 | </invoke>

Parsing ecmascript source code failed

Import trace:
  Server Component:
    ./src/components/personal/now-strip.tsx
    ./src/app/personal/page.tsx @ http://localhost:3000/_next/static/chunks/node_modules_next_dist_1gdrd03._.js:1945
[   17446ms] [ERROR] ./src/components/personal/now-strip.tsx:44:1
Expression expected
  42 |   );
  43 | }
> 44 | </content>
     | ^
  45 | </invoke>

Parsing ecmascript source code failed

Import trace:
  Server Component:
    ./src/components/personal/now-strip.tsx
    ./src/app/personal/page.tsx @ http://localhost:3000/_next/static/chunks/node_modules_next_dist_1gdrd03._.js:1945
[   17447ms] [ERROR] ./src/components/personal/now-strip.tsx:44:2
Unterminated regexp literal
  42 |   );
  43 | }
> 44 | </content>
     |  ^^^^^^^^^
  45 | </invoke>

Parsing ecmascript source code failed

Import trace:
  Server Component:
    ./src/components/personal/now-strip.tsx
    ./src/app/personal/page.tsx @ http://localhost:3000/_next/static/chunks/node_modules_next_dist_1gdrd03._.js:1945
[   17508ms] [ERROR] ./src/components/personal/now-strip.tsx:44:1
Expression expected
  42 |   );
  43 | }
> 44 | </content>
     | ^
  45 | </invoke>

Parsing ecmascript source code failed

Import trace:
  Server Component:
    ./src/components/personal/now-strip.tsx
    ./src/app/personal/page.tsx @ http://localhost:3000/_next/static/chunks/node_modules_next_dist_1gdrd03._.js:1945
[   17509ms] [ERROR] ./src/components/personal/now-strip.tsx:44:2
Unterminated regexp literal
  42 |   );
  43 | }
> 44 | </content>
     |  ^^^^^^^^^
  45 | </invoke>

Parsing ecmascript source code failed

Import trace:
  Server Component:
    ./src/components/personal/now-strip.tsx
    ./src/app/personal/page.tsx @ http://localhost:3000/_next/static/chunks/node_modules_next_dist_1gdrd03._.js:1945
[   17571ms] [ERROR] ./src/components/personal/now-strip.tsx:44:1
Expression expected
  42 |   );
  43 | }
> 44 | </content>
     | ^
  45 | </invoke>

Parsing ecmascript source code failed

Import trace:
  Server Component:
    ./src/components/personal/now-strip.tsx
    ./src/app/personal/page.tsx @ http://localhost:3000/_next/static/chunks/node_modules_next_dist_1gdrd03._.js:1945
[   17572ms] [ERROR] ./src/components/personal/now-strip.tsx:44:2
Unterminated regexp literal
  42 |   );
  43 | }
> 44 | </content>
     |  ^^^^^^^^^
  45 | </invoke>

Parsing ecmascript source code failed

Import trace:
  Server Component:
    ./src/components/personal/now-strip.tsx
    ./src/app/personal/page.tsx @ http://localhost:3000/_next/static/chunks/node_modules_next_dist_1gdrd03._.js:1945
[   17635ms] [ERROR] ./src/components/personal/now-strip.tsx:44:1
Expression expected
  42 |   );
  43 | }
> 44 | </content>
     | ^
  45 | </invoke>

Parsing ecmascript source code failed

Import trace:
  Server Component:
    ./src/components/personal/now-strip.tsx
    ./src/app/personal/page.tsx @ http://localhost:3000/_next/static/chunks/node_modules_next_dist_1gdrd03._.js:1945
[   17636ms] [ERROR] ./src/components/personal/now-strip.tsx:44:2
Unterminated regexp literal
  42 |   );
  43 | }
> 44 | </content>
     |  ^^^^^^^^^
  45 | </invoke>

Parsing ecmascript source code failed

Import trace:
  Server Component:
    ./src/components/personal/now-strip.tsx
    ./src/app/personal/page.tsx @ http://localhost:3000/_next/static/chunks/node_modules_next_dist_1gdrd03._.js:1945
[   17696ms] [ERROR] ./src/components/personal/now-strip.tsx:44:1
Expression expected
  42 |   );
  43 | }
> 44 | </content>
     | ^
  45 | </invoke>

Parsing ecmascript source code failed

Import trace:
  Server Component:
    ./src/components/personal/now-strip.tsx
    ./src/app/personal/page.tsx @ http://localhost:3000/_next/static/chunks/node_modules_next_dist_1gdrd03._.js:1945
[   17697ms] [ERROR] ./src/components/personal/now-strip.tsx:44:2
Unterminated regexp literal
  42 |   );
  43 | }
> 44 | </content>
     |  ^^^^^^^^^
  45 | </invoke>

Parsing ecmascript source code failed

Import trace:
  Server Component:
    ./src/components/personal/now-strip.tsx
    ./src/app/personal/page.tsx @ http://localhost:3000/_next/static/chunks/node_modules_next_dist_1gdrd03._.js:1945
[   17759ms] [ERROR] ./src/components/personal/now-strip.tsx:44:1
Expression expected
  42 |   );
  43 | }
> 44 | </content>
     | ^
  45 | </invoke>

Parsing ecmascript source code failed

Import trace:
  Server Component:
    ./src/components/personal/now-strip.tsx
    ./src/app/personal/page.tsx @ http://localhost:3000/_next/static/chunks/node_modules_next_dist_1gdrd03._.js:1945
[   17760ms] [ERROR] ./src/components/personal/now-strip.tsx:44:2
Unterminated regexp literal
  42 |   );
  43 | }
> 44 | </content>
     |  ^^^^^^^^^
  45 | </invoke>

Parsing ecmascript source code failed

Import trace:
  Server Component:
    ./src/components/personal/now-strip.tsx
    ./src/app/personal/page.tsx @ http://localhost:3000/_next/static/chunks/node_modules_next_dist_1gdrd03._.js:1945
[   17821ms] [ERROR] ./src/components/personal/now-strip.tsx:44:1
Expression expected
  42 |   );
  43 | }
> 44 | </content>
     | ^
  45 | </invoke>

Parsing ecmascript source code failed

Import trace:
  Server Component:
    ./src/components/personal/now-strip.tsx
    ./src/app/personal/page.tsx @ http://localhost:3000/_next/static/chunks/node_modules_next_dist_1gdrd03._.js:1945
[   17822ms] [ERROR] ./src/components/personal/now-strip.tsx:44:2
Unterminated regexp literal
  42 |   );
  43 | }
> 44 | </content>
     |  ^^^^^^^^^
  45 | </invoke>

Parsing ecmascript source code failed

Import trace:
  Server Component:
    ./src/components/personal/now-strip.tsx
    ./src/app/personal/page.tsx @ http://localhost:3000/_next/static/chunks/node_modules_next_dist_1gdrd03._.js:1945
[   17885ms] [ERROR] ./src/components/personal/now-strip.tsx:44:1
Expression expected
  42 |   );
  43 | }
> 44 | </content>
     | ^
  45 | </invoke>

Parsing ecmascript source code failed

Import trace:
  Server Component:
    ./src/components/personal/now-strip.tsx
    ./src/app/personal/page.tsx @ http://localhost:3000/_next/static/chunks/node_modules_next_dist_1gdrd03._.js:1945
[   17885ms] [ERROR] ./src/components/personal/now-strip.tsx:44:2
Unterminated regexp literal
  42 |   );
  43 | }
> 44 | </content>
     |  ^^^^^^^^^
  45 | </invoke>

Parsing ecmascript source code failed

Import trace:
  Server Component:
    ./src/components/personal/now-strip.tsx
    ./src/app/personal/page.tsx @ http://localhost:3000/_next/static/chunks/node_modules_next_dist_1gdrd03._.js:1945
[   17947ms] [ERROR] ./src/components/personal/now-strip.tsx:44:1
Expression expected
  42 |   );
  43 | }
> 44 | </content>
     | ^
  45 | </invoke>

Parsing ecmascript source code failed

Import trace:
  Server Component:
    ./src/components/personal/now-strip.tsx
    ./src/app/personal/page.tsx @ http://localhost:3000/_next/static/chunks/node_modules_next_dist_1gdrd03._.js:1945
[   17947ms] [ERROR] ./src/components/personal/now-strip.tsx:44:2
Unterminated regexp literal
  42 |   );
  43 | }
> 44 | </content>
     |  ^^^^^^^^^
  45 | </invoke>

Parsing ecmascript source code failed

Import trace:
  Server Component:
    ./src/components/personal/now-strip.tsx
    ./src/app/personal/page.tsx @ http://localhost:3000/_next/static/chunks/node_modules_next_dist_1gdrd03._.js:1945
[   18010ms] [ERROR] ./src/components/personal/now-strip.tsx:44:1
Expression expected
  42 |   );
  43 | }
> 44 | </content>
     | ^
  45 | </invoke>

Parsing ecmascript source code failed

Import trace:
  Server Component:
    ./src/components/personal/now-strip.tsx
    ./src/app/personal/page.tsx @ http://localhost:3000/_next/static/chunks/node_modules_next_dist_1gdrd03._.js:1945
[   18010ms] [ERROR] ./src/components/personal/now-strip.tsx:44:2
Unterminated regexp literal
  42 |   );
  43 | }
> 44 | </content>
     |  ^^^^^^^^^
  45 | </invoke>

Parsing ecmascript source code failed

Import trace:
  Server Component:
    ./src/components/personal/now-strip.tsx
    ./src/app/personal/page.tsx @ http://localhost:3000/_next/static/chunks/node_modules_next_dist_1gdrd03._.js:1945
[   18064ms] [ERROR] ./src/components/personal/now-strip.tsx:44:1
Expression expected
  42 |   );
  43 | }
> 44 | </content>
     | ^
  45 | </invoke>

Parsing ecmascript source code failed

Import trace:
  Server Component:
    ./src/components/personal/now-strip.tsx
    ./src/app/personal/page.tsx @ http://localhost:3000/_next/static/chunks/node_modules_next_dist_1gdrd03._.js:1945
[   18065ms] [ERROR] ./src/components/personal/now-strip.tsx:44:2
Unterminated regexp literal
  42 |   );
  43 | }
> 44 | </content>
     |  ^^^^^^^^^
  45 | </invoke>

Parsing ecmascript source code failed

Import trace:
  Server Component:
    ./src/components/personal/now-strip.tsx
    ./src/app/personal/page.tsx @ http://localhost:3000/_next/static/chunks/node_modules_next_dist_1gdrd03._.js:1945
[   18179ms] [LOG] [Fast Refresh] rebuilding @ http://localhost:3000/_next/static/chunks/node_modules_next_dist_1gdrd03._.js:1226
[   18184ms] [ERROR] ./src/components/personal/now-strip.tsx:44:1
Expression expected
  42 |   );
  43 | }
> 44 | </content>
     | ^
  45 | </invoke>

Parsing ecmascript source code failed

Import trace:
  Server Component:
    ./src/components/personal/now-strip.tsx
    ./src/app/personal/page.tsx @ http://localhost:3000/_next/static/chunks/node_modules_next_dist_1gdrd03._.js:1945
[   18185ms] [ERROR] ./src/components/personal/now-strip.tsx:44:2
Unterminated regexp literal
  42 |   );
  43 | }
> 44 | </content>
     |  ^^^^^^^^^
  45 | </invoke>

Parsing ecmascript source code failed

Import trace:
  Server Component:
    ./src/components/personal/now-strip.tsx
    ./src/app/personal/page.tsx @ http://localhost:3000/_next/static/chunks/node_modules_next_dist_1gdrd03._.js:1945
[   18244ms] [ERROR] ./src/components/personal/now-strip.tsx:44:1
Expression expected
  42 |   );
  43 | }
> 44 | </content>
     | ^
  45 | </invoke>

Parsing ecmascript source code failed

Import trace:
  Server Component:
    ./src/components/personal/now-strip.tsx
    ./src/app/personal/page.tsx @ http://localhost:3000/_next/static/chunks/node_modules_next_dist_1gdrd03._.js:1945
[   18245ms] [ERROR] ./src/components/personal/now-strip.tsx:44:2
Unterminated regexp literal
  42 |   );
  43 | }
> 44 | </content>
     |  ^^^^^^^^^
  45 | </invoke>

Parsing ecmascript source code failed

Import trace:
  Server Component:
    ./src/components/personal/now-strip.tsx
    ./src/app/personal/page.tsx @ http://localhost:3000/_next/static/chunks/node_modules_next_dist_1gdrd03._.js:1945
[   18305ms] [ERROR] ./src/components/personal/now-strip.tsx:44:1
Expression expected
  42 |   );
  43 | }
> 44 | </content>
     | ^
  45 | </invoke>

Parsing ecmascript source code failed

Import trace:
  Server Component:
    ./src/components/personal/now-strip.tsx
    ./src/app/personal/page.tsx @ http://localhost:3000/_next/static/chunks/node_modules_next_dist_1gdrd03._.js:1945
[   18305ms] [ERROR] ./src/components/personal/now-strip.tsx:44:2
Unterminated regexp literal
  42 |   );
  43 | }
> 44 | </content>
     |  ^^^^^^^^^
  45 | </invoke>

Parsing ecmascript source code failed

Import trace:
  Server Component:
    ./src/components/personal/now-strip.tsx
    ./src/app/personal/page.tsx @ http://localhost:3000/_next/static/chunks/node_modules_next_dist_1gdrd03._.js:1945
[   18369ms] [ERROR] ./src/components/personal/now-strip.tsx:44:1
Expression expected
  42 |   );
  43 | }
> 44 | </content>
     | ^
  45 | </invoke>

Parsing ecmascript source code failed

Import trace:
  Server Component:
    ./src/components/personal/now-strip.tsx
    ./src/app/personal/page.tsx @ http://localhost:3000/_next/static/chunks/node_modules_next_dist_1gdrd03._.js:1945
[   18369ms] [ERROR] ./src/components/personal/now-strip.tsx:44:2
Unterminated regexp literal
  42 |   );
  43 | }
> 44 | </content>
     |  ^^^^^^^^^
  45 | </invoke>

Parsing ecmascript source code failed

Import trace:
  Server Component:
    ./src/components/personal/now-strip.tsx
    ./src/app/personal/page.tsx @ http://localhost:3000/_next/static/chunks/node_modules_next_dist_1gdrd03._.js:1945
[   18431ms] [ERROR] ./src/components/personal/now-strip.tsx:44:1
Expression expected
  42 |   );
  43 | }
> 44 | </content>
     | ^
  45 | </invoke>

Parsing ecmascript source code failed

Import trace:
  Server Component:
    ./src/components/personal/now-strip.tsx
    ./src/app/personal/page.tsx @ http://localhost:3000/_next/static/chunks/node_modules_next_dist_1gdrd03._.js:1945
[   18431ms] [ERROR] ./src/components/personal/now-strip.tsx:44:2
Unterminated regexp literal
  42 |   );
  43 | }
> 44 | </content>
     |  ^^^^^^^^^
  45 | </invoke>

Parsing ecmascript source code failed

Import trace:
  Server Component:
    ./src/components/personal/now-strip.tsx
    ./src/app/personal/page.tsx @ http://localhost:3000/_next/static/chunks/node_modules_next_dist_1gdrd03._.js:1945
[   18493ms] [ERROR] ./src/components/personal/now-strip.tsx:44:1
Expression expected
  42 |   );
  43 | }
> 44 | </content>
     | ^
  45 | </invoke>

Parsing ecmascript source code failed

Import trace:
  Server Component:
    ./src/components/personal/now-strip.tsx
    ./src/app/personal/page.tsx @ http://localhost:3000/_next/static/chunks/node_modules_next_dist_1gdrd03._.js:1945
[   18494ms] [ERROR] ./src/components/personal/now-strip.tsx:44:2
Unterminated regexp literal
  42 |   );
  43 | }
> 44 | </content>
     |  ^^^^^^^^^
  45 | </invoke>

Parsing ecmascript source code failed

Import trace:
  Server Component:
    ./src/components/personal/now-strip.tsx
    ./src/app/personal/page.tsx @ http://localhost:3000/_next/static/chunks/node_modules_next_dist_1gdrd03._.js:1945
[   18571ms] [ERROR] ./src/components/personal/now-strip.tsx:44:1
Expression expected
  42 |   );
  43 | }
> 44 | </content>
     | ^
  45 | </invoke>

Parsing ecmascript source code failed

Import trace:
  Server Component:
    ./src/components/personal/now-strip.tsx
    ./src/app/personal/page.tsx @ http://localhost:3000/_next/static/chunks/node_modules_next_dist_1gdrd03._.js:1945
[   18572ms] [ERROR] ./src/components/personal/now-strip.tsx:44:2
Unterminated regexp literal
  42 |   );
  43 | }
> 44 | </content>
     |  ^^^^^^^^^
  45 | </invoke>

Parsing ecmascript source code failed

Import trace:
  Server Component:
    ./src/components/personal/now-strip.tsx
    ./src/app/personal/page.tsx @ http://localhost:3000/_next/static/chunks/node_modules_next_dist_1gdrd03._.js:1945
[   18632ms] [ERROR] ./src/components/personal/now-strip.tsx:44:1
Expression expected
  42 |   );
  43 | }
> 44 | </content>
     | ^
  45 | </invoke>

Parsing ecmascript source code failed

Import trace:
  Server Component:
    ./src/components/personal/now-strip.tsx
    ./src/app/personal/page.tsx @ http://localhost:3000/_next/static/chunks/node_modules_next_dist_1gdrd03._.js:1945
[   18632ms] [ERROR] ./src/components/personal/now-strip.tsx:44:2
Unterminated regexp literal
  42 |   );
  43 | }
> 44 | </content>
     |  ^^^^^^^^^
  45 | </invoke>

Parsing ecmascript source code failed

Import trace:
  Server Component:
    ./src/components/personal/now-strip.tsx
    ./src/app/personal/page.tsx @ http://localhost:3000/_next/static/chunks/node_modules_next_dist_1gdrd03._.js:1945
[   18694ms] [ERROR] ./src/components/personal/now-strip.tsx:44:1
Expression expected
  42 |   );
  43 | }
> 44 | </content>
     | ^
  45 | </invoke>

Parsing ecmascript source code failed

Import trace:
  Server Component:
    ./src/components/personal/now-strip.tsx
    ./src/app/personal/page.tsx @ http://localhost:3000/_next/static/chunks/node_modules_next_dist_1gdrd03._.js:1945
[   18694ms] [ERROR] ./src/components/personal/now-strip.tsx:44:2
Unterminated regexp literal
  42 |   );
  43 | }
> 44 | </content>
     |  ^^^^^^^^^
  45 | </invoke>

Parsing ecmascript source code failed

Import trace:
  Server Component:
    ./src/components/personal/now-strip.tsx
    ./src/app/personal/page.tsx @ http://localhost:3000/_next/static/chunks/node_modules_next_dist_1gdrd03._.js:1945
[   18758ms] [ERROR] ./src/components/personal/now-strip.tsx:44:1
Expression expected
  42 |   );
  43 | }
> 44 | </content>
     | ^
  45 | </invoke>

Parsing ecmascript source code failed

Import trace:
  Server Component:
    ./src/components/personal/now-strip.tsx
    ./src/app/personal/page.tsx @ http://localhost:3000/_next/static/chunks/node_modules_next_dist_1gdrd03._.js:1945
[   18758ms] [ERROR] ./src/components/personal/now-strip.tsx:44:2
Unterminated regexp literal
  42 |   );
  43 | }
> 44 | </content>
     |  ^^^^^^^^^
  45 | </invoke>

Parsing ecmascript source code failed

Import trace:
  Server Component:
    ./src/components/personal/now-strip.tsx
    ./src/app/personal/page.tsx @ http://localhost:3000/_next/static/chunks/node_modules_next_dist_1gdrd03._.js:1945
[   18818ms] [ERROR] ./src/components/personal/now-strip.tsx:44:1
Expression expected
  42 |   );
  43 | }
> 44 | </content>
     | ^
  45 | </invoke>

Parsing ecmascript source code failed

Import trace:
  Server Component:
    ./src/components/personal/now-strip.tsx
    ./src/app/personal/page.tsx @ http://localhost:3000/_next/static/chunks/node_modules_next_dist_1gdrd03._.js:1945
[   18819ms] [ERROR] ./src/components/personal/now-strip.tsx:44:2
Unterminated regexp literal
  42 |   );
  43 | }
> 44 | </content>
     |  ^^^^^^^^^
  45 | </invoke>

Parsing ecmascript source code failed

Import trace:
  Server Component:
    ./src/components/personal/now-strip.tsx
    ./src/app/personal/page.tsx @ http://localhost:3000/_next/static/chunks/node_modules_next_dist_1gdrd03._.js:1945
[   18881ms] [ERROR] ./src/components/personal/now-strip.tsx:44:1
Expression expected
  42 |   );
  43 | }
> 44 | </content>
     | ^
  45 | </invoke>

Parsing ecmascript source code failed

Import trace:
  Server Component:
    ./src/components/personal/now-strip.tsx
    ./src/app/personal/page.tsx @ http://localhost:3000/_next/static/chunks/node_modules_next_dist_1gdrd03._.js:1945
[   18881ms] [ERROR] ./src/components/personal/now-strip.tsx:44:2
Unterminated regexp literal
  42 |   );
  43 | }
> 44 | </content>
     |  ^^^^^^^^^
  45 | </invoke>

Parsing ecmascript source code failed

Import trace:
  Server Component:
    ./src/components/personal/now-strip.tsx
    ./src/app/personal/page.tsx @ http://localhost:3000/_next/static/chunks/node_modules_next_dist_1gdrd03._.js:1945
[   18943ms] [ERROR] ./src/components/personal/now-strip.tsx:44:1
Expression expected
  42 |   );
  43 | }
> 44 | </content>
     | ^
  45 | </invoke>

Parsing ecmascript source code failed

Import trace:
  Server Component:
    ./src/components/personal/now-strip.tsx
    ./src/app/personal/page.tsx @ http://localhost:3000/_next/static/chunks/node_modules_next_dist_1gdrd03._.js:1945
[   18943ms] [ERROR] ./src/components/personal/now-strip.tsx:44:2
Unterminated regexp literal
  42 |   );
  43 | }
> 44 | </content>
     |  ^^^^^^^^^
  45 | </invoke>

Parsing ecmascript source code failed

Import trace:
  Server Component:
    ./src/components/personal/now-strip.tsx
    ./src/app/personal/page.tsx @ http://localhost:3000/_next/static/chunks/node_modules_next_dist_1gdrd03._.js:1945
[   19005ms] [ERROR] ./src/components/personal/now-strip.tsx:44:1
Expression expected
  42 |   );
  43 | }
> 44 | </content>
     | ^
  45 | </invoke>

Parsing ecmascript source code failed

Import trace:
  Server Component:
    ./src/components/personal/now-strip.tsx
    ./src/app/personal/page.tsx @ http://localhost:3000/_next/static/chunks/node_modules_next_dist_1gdrd03._.js:1945
[   19005ms] [ERROR] ./src/components/personal/now-strip.tsx:44:2
Unterminated regexp literal
  42 |   );
  43 | }
> 44 | </content>
     |  ^^^^^^^^^
  45 | </invoke>

Parsing ecmascript source code failed

Import trace:
  Server Component:
    ./src/components/personal/now-strip.tsx
    ./src/app/personal/page.tsx @ http://localhost:3000/_next/static/chunks/node_modules_next_dist_1gdrd03._.js:1945
[   19069ms] [ERROR] ./src/components/personal/now-strip.tsx:44:1
Expression expected
  42 |   );
  43 | }
> 44 | </content>
     | ^
  45 | </invoke>

Parsing ecmascript source code failed

Import trace:
  Server Component:
    ./src/components/personal/now-strip.tsx
    ./src/app/personal/page.tsx @ http://localhost:3000/_next/static/chunks/node_modules_next_dist_1gdrd03._.js:1945
[   19069ms] [ERROR] ./src/components/personal/now-strip.tsx:44:2
Unterminated regexp literal
  42 |   );
  43 | }
> 44 | </content>
     |  ^^^^^^^^^
  45 | </invoke>

Parsing ecmascript source code failed

Import trace:
  Server Component:
    ./src/components/personal/now-strip.tsx
    ./src/app/personal/page.tsx @ http://localhost:3000/_next/static/chunks/node_modules_next_dist_1gdrd03._.js:1945
[   19131ms] [ERROR] ./src/components/personal/now-strip.tsx:44:1
Expression expected
  42 |   );
  43 | }
> 44 | </content>
     | ^
  45 | </invoke>

Parsing ecmascript source code failed

Import trace:
  Server Component:
    ./src/components/personal/now-strip.tsx
    ./src/app/personal/page.tsx @ http://localhost:3000/_next/static/chunks/node_modules_next_dist_1gdrd03._.js:1945
[   19131ms] [ERROR] ./src/components/personal/now-strip.tsx:44:2
Unterminated regexp literal
  42 |   );
  43 | }
> 44 | </content>
     |  ^^^^^^^^^
  45 | </invoke>

Parsing ecmascript source code failed

Import trace:
  Server Component:
    ./src/components/personal/now-strip.tsx
    ./src/app/personal/page.tsx @ http://localhost:3000/_next/static/chunks/node_modules_next_dist_1gdrd03._.js:1945
[   19193ms] [ERROR] ./src/components/personal/now-strip.tsx:44:1
Expression expected
  42 |   );
  43 | }
> 44 | </content>
     | ^
  45 | </invoke>

Parsing ecmascript source code failed

Import trace:
  Server Component:
    ./src/components/personal/now-strip.tsx
    ./src/app/personal/page.tsx @ http://localhost:3000/_next/static/chunks/node_modules_next_dist_1gdrd03._.js:1945
[   19193ms] [ERROR] ./src/components/personal/now-strip.tsx:44:2
Unterminated regexp literal
  42 |   );
  43 | }
> 44 | </content>
     |  ^^^^^^^^^
  45 | </invoke>

Parsing ecmascript source code failed

Import trace:
  Server Component:
    ./src/components/personal/now-strip.tsx
    ./src/app/personal/page.tsx @ http://localhost:3000/_next/static/chunks/node_modules_next_dist_1gdrd03._.js:1945
[   19255ms] [ERROR] ./src/components/personal/now-strip.tsx:44:1
Expression expected
  42 |   );
  43 | }
> 44 | </content>
     | ^
  45 | </invoke>

Parsing ecmascript source code failed

Import trace:
  Server Component:
    ./src/components/personal/now-strip.tsx
    ./src/app/personal/page.tsx @ http://localhost:3000/_next/static/chunks/node_modules_next_dist_1gdrd03._.js:1945
[   19255ms] [ERROR] ./src/components/personal/now-strip.tsx:44:2
Unterminated regexp literal
  42 |   );
  43 | }
> 44 | </content>
     |  ^^^^^^^^^
  45 | </invoke>

Parsing ecmascript source code failed

Import trace:
  Server Component:
    ./src/components/personal/now-strip.tsx
    ./src/app/personal/page.tsx @ http://localhost:3000/_next/static/chunks/node_modules_next_dist_1gdrd03._.js:1945
[   19320ms] [ERROR] ./src/components/personal/now-strip.tsx:44:1
Expression expected
  42 |   );
  43 | }
> 44 | </content>
     | ^
  45 | </invoke>

Parsing ecmascript source code failed

Import trace:
  Server Component:
    ./src/components/personal/now-strip.tsx
    ./src/app/personal/page.tsx @ http://localhost:3000/_next/static/chunks/node_modules_next_dist_1gdrd03._.js:1945
[   19321ms] [ERROR] ./src/components/personal/now-strip.tsx:44:2
Unterminated regexp literal
  42 |   );
  43 | }
> 44 | </content>
     |  ^^^^^^^^^
  45 | </invoke>

Parsing ecmascript source code failed

Import trace:
  Server Component:
    ./src/components/personal/now-strip.tsx
    ./src/app/personal/page.tsx @ http://localhost:3000/_next/static/chunks/node_modules_next_dist_1gdrd03._.js:1945
[   19382ms] [ERROR] ./src/components/personal/now-strip.tsx:44:1
Expression expected
  42 |   );
  43 | }
> 44 | </content>
     | ^
  45 | </invoke>

Parsing ecmascript source code failed

Import trace:
  Server Component:
    ./src/components/personal/now-strip.tsx
    ./src/app/personal/page.tsx @ http://localhost:3000/_next/static/chunks/node_modules_next_dist_1gdrd03._.js:1945
[   19384ms] [ERROR] ./src/components/personal/now-strip.tsx:44:2
Unterminated regexp literal
  42 |   );
  43 | }
> 44 | </content>
     |  ^^^^^^^^^
  45 | </invoke>

Parsing ecmascript source code failed

Import trace:
  Server Component:
    ./src/components/personal/now-strip.tsx
    ./src/app/personal/page.tsx @ http://localhost:3000/_next/static/chunks/node_modules_next_dist_1gdrd03._.js:1945
[   19460ms] [ERROR] ./src/components/personal/now-strip.tsx:44:1
Expression expected
  42 |   );
  43 | }
> 44 | </content>
     | ^
  45 | </invoke>

Parsing ecmascript source code failed

Import trace:
  Server Component:
    ./src/components/personal/now-strip.tsx
    ./src/app/personal/page.tsx @ http://localhost:3000/_next/static/chunks/node_modules_next_dist_1gdrd03._.js:1945
[   19460ms] [ERROR] ./src/components/personal/now-strip.tsx:44:2
Unterminated regexp literal
  42 |   );
  43 | }
> 44 | </content>
     |  ^^^^^^^^^
  45 | </invoke>

Parsing ecmascript source code failed

Import trace:
  Server Component:
    ./src/components/personal/now-strip.tsx
    ./src/app/personal/page.tsx @ http://localhost:3000/_next/static/chunks/node_modules_next_dist_1gdrd03._.js:1945
[   19521ms] [ERROR] ./src/components/personal/now-strip.tsx:44:1
Expression expected
  42 |   );
  43 | }
> 44 | </content>
     | ^
  45 | </invoke>

Parsing ecmascript source code failed

Import trace:
  Server Component:
    ./src/components/personal/now-strip.tsx
    ./src/app/personal/page.tsx @ http://localhost:3000/_next/static/chunks/node_modules_next_dist_1gdrd03._.js:1945
[   19522ms] [ERROR] ./src/components/personal/now-strip.tsx:44:2
Unterminated regexp literal
  42 |   );
  43 | }
> 44 | </content>
     |  ^^^^^^^^^
  45 | </invoke>

Parsing ecmascript source code failed

Import trace:
  Server Component:
    ./src/components/personal/now-strip.tsx
    ./src/app/personal/page.tsx @ http://localhost:3000/_next/static/chunks/node_modules_next_dist_1gdrd03._.js:1945
[   19577ms] [ERROR] ./src/components/personal/now-strip.tsx:44:1
Expression expected
  42 |   );
  43 | }
> 44 | </content>
     | ^
  45 | </invoke>

Parsing ecmascript source code failed

Import trace:
  Server Component:
    ./src/components/personal/now-strip.tsx
    ./src/app/personal/page.tsx @ http://localhost:3000/_next/static/chunks/node_modules_next_dist_1gdrd03._.js:1945
[   19578ms] [ERROR] ./src/components/personal/now-strip.tsx:44:2
Unterminated regexp literal
  42 |   );
  43 | }
> 44 | </content>
     |  ^^^^^^^^^
  45 | </invoke>

Parsing ecmascript source code failed

Import trace:
  Server Component:
    ./src/components/personal/now-strip.tsx
    ./src/app/personal/page.tsx @ http://localhost:3000/_next/static/chunks/node_modules_next_dist_1gdrd03._.js:1945
[   19692ms] [LOG] [Fast Refresh] rebuilding @ http://localhost:3000/_next/static/chunks/node_modules_next_dist_1gdrd03._.js:1226
[   19697ms] [LOG] [Fast Refresh] done in 116ms @ http://localhost:3000/_next/static/chunks/node_modules_next_dist_1gdrd03._.js:1226
[   19875ms] [LOG] [Fast Refresh] rebuilding @ http://localhost:3000/_next/static/chunks/node_modules_next_dist_1gdrd03._.js:1226
[   20387ms] [LOG] [Fast Refresh] done in 623ms @ http://localhost:3000/_next/static/chunks/node_modules_next_dist_1gdrd03._.js:1226
[   20829ms] [INFO] %cDownload the React DevTools for a better development experience: https://react.dev/link/react-devtools font-weight:bold @ http://localhost:3000/_next/static/chunks/node_modules_next_dist_1ybzpk2._.js:2477
[   20900ms] [LOG] [HMR] connected @ http://localhost:3000/_next/static/chunks/node_modules_next_dist_1ybzpk2._.js:2477
[   22890ms] [LOG] [Fast Refresh] rebuilding @ http://localhost:3000/_next/static/chunks/node_modules_next_dist_1ybzpk2._.js:2477
[   23221ms] [LOG] [Fast Refresh] done in 495ms @ http://localhost:3000/_next/static/chunks/node_modules_next_dist_1ybzpk2._.js:2477
